Column,Original_Value,Encoded_Code
STATE_SHARED,AK,0
STATE_SHARED,AL,1
STATE_SHARED,AR,2
STATE_SHARED,AZ,3
STATE_SHARED,CA,4
STATE_SHARED,CO,5
STATE_SHARED,CT,6
STATE_SHARED,DC,7
STATE_SHARED,DE,8
STATE_SHARED,FL,9
STATE_SHARED,GA,10
STATE_SHARED,HI,11
STATE_SHARED,IA,12
STATE_SHARED,ID,13
STATE_SHARED,IL,14
STATE_SHARED,IN,15
STATE_SHARED,KS,16
STATE_SHARED,KY,17
STATE_SHARED,LA,18
STATE_SHARED,MA,19
STATE_SHARED,MD,20
STATE_SHARED,ME,21
STATE_SHARED,MI,22
STATE_SHARED,MN,23
STATE_SHARED,MO,24
STATE_SHARED,MS,25
STATE_SHARED,MT,26
STATE_SHARED,NC,27
STATE_SHARED,ND,28
STATE_SHARED,NE,29
STATE_SHARED,NH,30
STATE_SHARED,NJ,31
STATE_SHARED,NM,32
STATE_SHARED,NV,33
STATE_SHARED,NY,34
STATE_SHARED,OH,35
STATE_SHARED,OK,36
STATE_SHARED,OR,37
STATE_SHARED,PA,38
STATE_SHARED,PR,39
STATE_SHARED,RI,40
STATE_SHARED,SC,41
STATE_SHARED,SD,42
STATE_SHARED,TN,43
STATE_SHARED,TT,44
STATE_SHARED,TX,45
STATE_SHARED,UT,46
STATE_SHARED,VA,47
STATE_SHARED,VI,48
STATE_SHARED,VT,49
STATE_SHARED,WA,50
STATE_SHARED,WI,51
STATE_SHARED,WV,52
STATE_SHARED,WY,53
ROUTE,"Aberdeen, SD_Minneapolis, MN",0
ROUTE,"Abilene, TX_Dallas/Fort Worth, TX",1
ROUTE,"Abilene, TX_Houston, TX",2
ROUTE,"Adak Island, AK_Anchorage, AK",3
ROUTE,"Adak Island, AK_Cold Bay, AK",4
ROUTE,"Aguadilla, PR_Fort Lauderdale, FL",5
ROUTE,"Aguadilla, PR_New York, NY",6
ROUTE,"Aguadilla, PR_Newark, NJ",7
ROUTE,"Aguadilla, PR_Orlando, FL",8
ROUTE,"Aguadilla, PR_Philadelphia, PA",9
ROUTE,"Aguadilla, PR_Tampa, FL",10
ROUTE,"Akron, OH_Atlanta, GA",11
ROUTE,"Akron, OH_Charlotte, NC",12
ROUTE,"Akron, OH_Chicago, IL",13
ROUTE,"Akron, OH_Fort Lauderdale, FL",14
ROUTE,"Akron, OH_Fort Myers, FL",15
ROUTE,"Akron, OH_Houston, TX",16
ROUTE,"Akron, OH_Myrtle Beach, SC",17
ROUTE,"Akron, OH_Nashville, TN",18
ROUTE,"Akron, OH_New York, NY",19
ROUTE,"Akron, OH_Newark, NJ",20
ROUTE,"Akron, OH_Orlando, FL",21
ROUTE,"Akron, OH_Philadelphia, PA",22
ROUTE,"Akron, OH_Punta Gorda, FL",23
ROUTE,"Akron, OH_Sanford, FL",24
ROUTE,"Akron, OH_Sarasota/Bradenton, FL",25
ROUTE,"Akron, OH_Savannah, GA",26
ROUTE,"Akron, OH_St. Petersburg, FL",27
ROUTE,"Akron, OH_Tampa, FL",28
ROUTE,"Akron, OH_Washington, DC",29
ROUTE,"Alamosa, CO_Denver, CO",30
ROUTE,"Albany, GA_Atlanta, GA",31
ROUTE,"Albany, NY_Atlanta, GA",32
ROUTE,"Albany, NY_Baltimore, MD",33
ROUTE,"Albany, NY_Charlotte, NC",34
ROUTE,"Albany, NY_Chicago, IL",35
ROUTE,"Albany, NY_Denver, CO",36
ROUTE,"Albany, NY_Detroit, MI",37
ROUTE,"Albany, NY_Fort Lauderdale, FL",38
ROUTE,"Albany, NY_Fort Myers, FL",39
ROUTE,"Albany, NY_Miami, FL",40
ROUTE,"Albany, NY_Minneapolis, MN",41
ROUTE,"Albany, NY_Myrtle Beach, SC",42
ROUTE,"Albany, NY_Nashville, TN",43
ROUTE,"Albany, NY_New York, NY",44
ROUTE,"Albany, NY_Newark, NJ",45
ROUTE,"Albany, NY_Orlando, FL",46
ROUTE,"Albany, NY_Philadelphia, PA",47
ROUTE,"Albany, NY_Punta Gorda, FL",48
ROUTE,"Albany, NY_Raleigh/Durham, NC",49
ROUTE,"Albany, NY_Sanford, FL",50
ROUTE,"Albany, NY_Savannah, GA",51
ROUTE,"Albany, NY_St. Petersburg, FL",52
ROUTE,"Albany, NY_Syracuse, NY",53
ROUTE,"Albany, NY_Tampa, FL",54
ROUTE,"Albany, NY_Washington, DC",55
ROUTE,"Albuquerque, NM_Atlanta, GA",56
ROUTE,"Albuquerque, NM_Austin, TX",57
ROUTE,"Albuquerque, NM_Baltimore, MD",58
ROUTE,"Albuquerque, NM_Burbank, CA",59
ROUTE,"Albuquerque, NM_Chicago, IL",60
ROUTE,"Albuquerque, NM_Dallas, TX",61
ROUTE,"Albuquerque, NM_Dallas/Fort Worth, TX",62
ROUTE,"Albuquerque, NM_Denver, CO",63
ROUTE,"Albuquerque, NM_Houston, TX",64
ROUTE,"Albuquerque, NM_Kansas City, MO",65
ROUTE,"Albuquerque, NM_Las Vegas, NV",66
ROUTE,"Albuquerque, NM_Los Angeles, CA",67
ROUTE,"Albuquerque, NM_Minneapolis, MN",68
ROUTE,"Albuquerque, NM_New York, NY",69
ROUTE,"Albuquerque, NM_Oakland, CA",70
ROUTE,"Albuquerque, NM_Orlando, FL",71
ROUTE,"Albuquerque, NM_Phoenix, AZ",72
ROUTE,"Albuquerque, NM_Portland, OR",73
ROUTE,"Albuquerque, NM_Salt Lake City, UT",74
ROUTE,"Albuquerque, NM_San Antonio, TX",75
ROUTE,"Albuquerque, NM_San Diego, CA",76
ROUTE,"Albuquerque, NM_San Francisco, CA",77
ROUTE,"Albuquerque, NM_San Jose, CA",78
ROUTE,"Albuquerque, NM_Sanford, FL",79
ROUTE,"Albuquerque, NM_Seattle, WA",80
ROUTE,"Alexandria, LA_Atlanta, GA",81
ROUTE,"Alexandria, LA_Charlotte, NC",82
ROUTE,"Alexandria, LA_Dallas/Fort Worth, TX",83
ROUTE,"Alexandria, LA_Houston, TX",84
ROUTE,"Allentown/Bethlehem/Easton, PA_Atlanta, GA",85
ROUTE,"Allentown/Bethlehem/Easton, PA_Charlotte, NC",86
ROUTE,"Allentown/Bethlehem/Easton, PA_Chicago, IL",87
ROUTE,"Allentown/Bethlehem/Easton, PA_Denver, CO",88
ROUTE,"Allentown/Bethlehem/Easton, PA_Detroit, MI",89
ROUTE,"Allentown/Bethlehem/Easton, PA_Fort Lauderdale, FL",90
ROUTE,"Allentown/Bethlehem/Easton, PA_Myrtle Beach, SC",91
ROUTE,"Allentown/Bethlehem/Easton, PA_Nashville, TN",92
ROUTE,"Allentown/Bethlehem/Easton, PA_Punta Gorda, FL",93
ROUTE,"Allentown/Bethlehem/Easton, PA_Sanford, FL",94
ROUTE,"Allentown/Bethlehem/Easton, PA_Sarasota/Bradenton, FL",95
ROUTE,"Allentown/Bethlehem/Easton, PA_Savannah, GA",96
ROUTE,"Allentown/Bethlehem/Easton, PA_St. Petersburg, FL",97
ROUTE,"Alpena, MI_Detroit, MI",98
ROUTE,"Alpena, MI_Pellston, MI",99
ROUTE,"Alpena, MI_Sault Ste. Marie, MI",100
ROUTE,"Amarillo, TX_Austin, TX",101
ROUTE,"Amarillo, TX_Dallas, TX",102
ROUTE,"Amarillo, TX_Dallas/Fort Worth, TX",103
ROUTE,"Amarillo, TX_Denver, CO",104
ROUTE,"Amarillo, TX_Houston, TX",105
ROUTE,"Amarillo, TX_Las Vegas, NV",106
ROUTE,"Amarillo, TX_Phoenix, AZ",107
ROUTE,"Anchorage, AK_Atlanta, GA",108
ROUTE,"Anchorage, AK_Barrow, AK",109
ROUTE,"Anchorage, AK_Bellingham, WA",110
ROUTE,"Anchorage, AK_Bethel, AK",111
ROUTE,"Anchorage, AK_Chicago, IL",112
ROUTE,"Anchorage, AK_Cold Bay, AK",113
ROUTE,"Anchorage, AK_Cordova, AK",114
ROUTE,"Anchorage, AK_Dallas/Fort Worth, TX",115
ROUTE,"Anchorage, AK_Deadhorse, AK",116
ROUTE,"Anchorage, AK_Denver, CO",117
ROUTE,"Anchorage, AK_Detroit, MI",118
ROUTE,"Anchorage, AK_Dillingham, AK",119
ROUTE,"Anchorage, AK_Everett, WA",120
ROUTE,"Anchorage, AK_Fairbanks, AK",121
ROUTE,"Anchorage, AK_Honolulu, HI",122
ROUTE,"Anchorage, AK_Houston, TX",123
ROUTE,"Anchorage, AK_Juneau, AK",124
ROUTE,"Anchorage, AK_Kahului, HI",125
ROUTE,"Anchorage, AK_King Salmon, AK",126
ROUTE,"Anchorage, AK_Kodiak, AK",127
ROUTE,"Anchorage, AK_Kona, HI",128
ROUTE,"Anchorage, AK_Kotzebue, AK",129
ROUTE,"Anchorage, AK_Las Vegas, NV",130
ROUTE,"Anchorage, AK_Los Angeles, CA",131
ROUTE,"Anchorage, AK_Minneapolis, MN",132
ROUTE,"Anchorage, AK_New York, NY",133
ROUTE,"Anchorage, AK_Newark, NJ",134
ROUTE,"Anchorage, AK_Nome, AK",135
ROUTE,"Anchorage, AK_Phoenix, AZ",136
ROUTE,"Anchorage, AK_Portland, OR",137
ROUTE,"Anchorage, AK_Salt Lake City, UT",138
ROUTE,"Anchorage, AK_San Francisco, CA",139
ROUTE,"Anchorage, AK_Seattle, WA",140
ROUTE,"Appleton, WI_Atlanta, GA",141
ROUTE,"Appleton, WI_Charlotte, NC",142
ROUTE,"Appleton, WI_Chicago, IL",143
ROUTE,"Appleton, WI_Denver, CO",144
ROUTE,"Appleton, WI_Detroit, MI",145
ROUTE,"Appleton, WI_Fort Lauderdale, FL",146
ROUTE,"Appleton, WI_Las Vegas, NV",147
ROUTE,"Appleton, WI_Minneapolis, MN",148
ROUTE,"Appleton, WI_Nashville, TN",149
ROUTE,"Appleton, WI_Phoenix, AZ",150
ROUTE,"Appleton, WI_Portland, OR",151
ROUTE,"Appleton, WI_Punta Gorda, FL",152
ROUTE,"Appleton, WI_Rapid City, SD",153
ROUTE,"Appleton, WI_Sanford, FL",154
ROUTE,"Appleton, WI_Sarasota/Bradenton, FL",155
ROUTE,"Appleton, WI_Savannah, GA",156
ROUTE,"Appleton, WI_St. Petersburg, FL",157
ROUTE,"Arcata/Eureka, CA_Denver, CO",158
ROUTE,"Arcata/Eureka, CA_Los Angeles, CA",159
ROUTE,"Arcata/Eureka, CA_Phoenix, AZ",160
ROUTE,"Arcata/Eureka, CA_San Francisco, CA",161
ROUTE,"Asheville, NC_Atlanta, GA",162
ROUTE,"Asheville, NC_Austin, TX",163
ROUTE,"Asheville, NC_Baltimore, MD",164
ROUTE,"Asheville, NC_Boston, MA",165
ROUTE,"Asheville, NC_Charlotte, NC",166
ROUTE,"Asheville, NC_Chicago, IL",167
ROUTE,"Asheville, NC_Dallas/Fort Worth, TX",168
ROUTE,"Asheville, NC_Denver, CO",169
ROUTE,"Asheville, NC_Detroit, MI",170
ROUTE,"Asheville, NC_Fort Lauderdale, FL",171
ROUTE,"Asheville, NC_Greensboro/High Point, NC",172
ROUTE,"Asheville, NC_Houston, TX",173
ROUTE,"Asheville, NC_Key West, FL",174
ROUTE,"Asheville, NC_Las Vegas, NV",175
ROUTE,"Asheville, NC_Miami, FL",176
ROUTE,"Asheville, NC_Minneapolis, MN",177
ROUTE,"Asheville, NC_New York, NY",178
ROUTE,"Asheville, NC_Newark, NJ",179
ROUTE,"Asheville, NC_Orlando, FL",180
ROUTE,"Asheville, NC_Philadelphia, PA",181
ROUTE,"Asheville, NC_Phoenix, AZ",182
ROUTE,"Asheville, NC_Punta Gorda, FL",183
ROUTE,"Asheville, NC_Sanford, FL",184
ROUTE,"Asheville, NC_Sarasota/Bradenton, FL",185
ROUTE,"Asheville, NC_St. Petersburg, FL",186
ROUTE,"Asheville, NC_Tampa, FL",187
ROUTE,"Asheville, NC_Valparaiso, FL",188
ROUTE,"Asheville, NC_Washington, DC",189
ROUTE,"Asheville, NC_West Palm Beach/Palm Beach, FL",190
ROUTE,"Ashland, WV_Charlotte, NC",191
ROUTE,"Ashland, WV_Myrtle Beach, SC",192
ROUTE,"Ashland, WV_Punta Gorda, FL",193
ROUTE,"Ashland, WV_Sanford, FL",194
ROUTE,"Ashland, WV_St. Petersburg, FL",195
ROUTE,"Ashland, WV_Valparaiso, FL",196
ROUTE,"Aspen, CO_Atlanta, GA",197
ROUTE,"Aspen, CO_Austin, TX",198
ROUTE,"Aspen, CO_Chicago, IL",199
ROUTE,"Aspen, CO_Dallas/Fort Worth, TX",200
ROUTE,"Aspen, CO_Denver, CO",201
ROUTE,"Aspen, CO_Eagle, CO",202
ROUTE,"Aspen, CO_Houston, TX",203
ROUTE,"Aspen, CO_Los Angeles, CA",204
ROUTE,"Aspen, CO_Minneapolis, MN",205
ROUTE,"Aspen, CO_Montrose/Delta, CO",206
ROUTE,"Aspen, CO_Phoenix, AZ",207
ROUTE,"Aspen, CO_Salt Lake City, UT",208
ROUTE,"Aspen, CO_San Francisco, CA",209
ROUTE,"Aspen, CO_Santa Ana, CA",210
ROUTE,"Atlanta, GA_Atlantic City, NJ",211
ROUTE,"Atlanta, GA_Augusta, GA",212
ROUTE,"Atlanta, GA_Austin, TX",213
ROUTE,"Atlanta, GA_Baltimore, MD",214
ROUTE,"Atlanta, GA_Bangor, ME",215
ROUTE,"Atlanta, GA_Baton Rouge, LA",216
ROUTE,"Atlanta, GA_Birmingham, AL",217
ROUTE,"Atlanta, GA_Bloomington/Normal, IL",218
ROUTE,"Atlanta, GA_Boise, ID",219
ROUTE,"Atlanta, GA_Boston, MA",220
ROUTE,"Atlanta, GA_Bozeman, MT",221
ROUTE,"Atlanta, GA_Bristol/Johnson City/Kingsport, TN",222
ROUTE,"Atlanta, GA_Brunswick, GA",223
ROUTE,"Atlanta, GA_Buffalo, NY",224
ROUTE,"Atlanta, GA_Burbank, CA",225
ROUTE,"Atlanta, GA_Burlington, VT",226
ROUTE,"Atlanta, GA_Cedar Rapids/Iowa City, IA",227
ROUTE,"Atlanta, GA_Charleston, SC",228
ROUTE,"Atlanta, GA_Charleston/Dunbar, WV",229
ROUTE,"Atlanta, GA_Charlotte Amalie, VI",230
ROUTE,"Atlanta, GA_Charlotte, NC",231
ROUTE,"Atlanta, GA_Charlottesville, VA",232
ROUTE,"Atlanta, GA_Chattanooga, TN",233
ROUTE,"Atlanta, GA_Chicago, IL",234
ROUTE,"Atlanta, GA_Christiansted, VI",235
ROUTE,"Atlanta, GA_Cincinnati, OH",236
ROUTE,"Atlanta, GA_Cleveland, OH",237
ROUTE,"Atlanta, GA_Colorado Springs, CO",238
ROUTE,"Atlanta, GA_Columbia, SC",239
ROUTE,"Atlanta, GA_Columbus, GA",240
ROUTE,"Atlanta, GA_Columbus, MS",241
ROUTE,"Atlanta, GA_Columbus, OH",242
ROUTE,"Atlanta, GA_Dallas, TX",243
ROUTE,"Atlanta, GA_Dallas/Fort Worth, TX",244
ROUTE,"Atlanta, GA_Dayton, OH",245
ROUTE,"Atlanta, GA_Daytona Beach, FL",246
ROUTE,"Atlanta, GA_Denver, CO",247
ROUTE,"Atlanta, GA_Des Moines, IA",248
ROUTE,"Atlanta, GA_Detroit, MI",249
ROUTE,"Atlanta, GA_Dothan, AL",250
ROUTE,"Atlanta, GA_Eagle, CO",251
ROUTE,"Atlanta, GA_El Paso, TX",252
ROUTE,"Atlanta, GA_Elmira/Corning, NY",253
ROUTE,"Atlanta, GA_Evansville, IN",254
ROUTE,"Atlanta, GA_Fargo, ND",255
ROUTE,"Atlanta, GA_Fayetteville, AR",256
ROUTE,"Atlanta, GA_Fayetteville, NC",257
ROUTE,"Atlanta, GA_Flint, MI",258
ROUTE,"Atlanta, GA_Fort Lauderdale, FL",259
ROUTE,"Atlanta, GA_Fort Myers, FL",260
ROUTE,"Atlanta, GA_Fort Smith, AR",261
ROUTE,"Atlanta, GA_Fort Wayne, IN",262
ROUTE,"Atlanta, GA_Gainesville, FL",263
ROUTE,"Atlanta, GA_Grand Rapids, MI",264
ROUTE,"Atlanta, GA_Green Bay, WI",265
ROUTE,"Atlanta, GA_Greensboro/High Point, NC",266
ROUTE,"Atlanta, GA_Greer, SC",267
ROUTE,"Atlanta, GA_Gulfport/Biloxi, MS",268
ROUTE,"Atlanta, GA_Harrisburg, PA",269
ROUTE,"Atlanta, GA_Hartford, CT",270
ROUTE,"Atlanta, GA_Hayden, CO",271
ROUTE,"Atlanta, GA_Hilton Head, SC",272
ROUTE,"Atlanta, GA_Honolulu, HI",273
ROUTE,"Atlanta, GA_Houston, TX",274
ROUTE,"Atlanta, GA_Huntsville, AL",275
ROUTE,"Atlanta, GA_Indianapolis, IN",276
ROUTE,"Atlanta, GA_Islip, NY",277
ROUTE,"Atlanta, GA_Jackson, WY",278
ROUTE,"Atlanta, GA_Jackson/Vicksburg, MS",279
ROUTE,"Atlanta, GA_Jacksonville, FL",280
ROUTE,"Atlanta, GA_Jacksonville/Camp Lejeune, NC",281
ROUTE,"Atlanta, GA_Kahului, HI",282
ROUTE,"Atlanta, GA_Kalispell, MT",283
ROUTE,"Atlanta, GA_Kansas City, MO",284
ROUTE,"Atlanta, GA_Key West, FL",285
ROUTE,"Atlanta, GA_Knoxville, TN",286
ROUTE,"Atlanta, GA_Lafayette, LA",287
ROUTE,"Atlanta, GA_Las Vegas, NV",288
ROUTE,"Atlanta, GA_Lexington, KY",289
ROUTE,"Atlanta, GA_Lincoln, NE",290
ROUTE,"Atlanta, GA_Little Rock, AR",291
ROUTE,"Atlanta, GA_Los Angeles, CA",292
ROUTE,"Atlanta, GA_Louisville, KY",293
ROUTE,"Atlanta, GA_Madison, WI",294
ROUTE,"Atlanta, GA_Manchester, NH",295
ROUTE,"Atlanta, GA_Melbourne, FL",296
ROUTE,"Atlanta, GA_Memphis, TN",297
ROUTE,"Atlanta, GA_Miami, FL",298
ROUTE,"Atlanta, GA_Milwaukee, WI",299
ROUTE,"Atlanta, GA_Minneapolis, MN",300
ROUTE,"Atlanta, GA_Missoula, MT",301
ROUTE,"Atlanta, GA_Mobile, AL",302
ROUTE,"Atlanta, GA_Moline, IL",303
ROUTE,"Atlanta, GA_Monroe, LA",304
ROUTE,"Atlanta, GA_Montgomery, AL",305
ROUTE,"Atlanta, GA_Montrose/Delta, CO",306
ROUTE,"Atlanta, GA_Myrtle Beach, SC",307
ROUTE,"Atlanta, GA_Nashville, TN",308
ROUTE,"Atlanta, GA_New Bern/Morehead/Beaufort, NC",309
ROUTE,"Atlanta, GA_New Orleans, LA",310
ROUTE,"Atlanta, GA_New York, NY",311
ROUTE,"Atlanta, GA_Newark, NJ",312
ROUTE,"Atlanta, GA_Newburgh/Poughkeepsie, NY",313
ROUTE,"Atlanta, GA_Newport News/Williamsburg, VA",314
ROUTE,"Atlanta, GA_Norfolk, VA",315
ROUTE,"Atlanta, GA_Oakland, CA",316
ROUTE,"Atlanta, GA_Oklahoma City, OK",317
ROUTE,"Atlanta, GA_Omaha, NE",318
ROUTE,"Atlanta, GA_Ontario, CA",319
ROUTE,"Atlanta, GA_Orlando, FL",320
ROUTE,"Atlanta, GA_Palm Springs, CA",321
ROUTE,"Atlanta, GA_Panama City, FL",322
ROUTE,"Atlanta, GA_Pensacola, FL",323
ROUTE,"Atlanta, GA_Peoria, IL",324
ROUTE,"Atlanta, GA_Philadelphia, PA",325
ROUTE,"Atlanta, GA_Phoenix, AZ",326
ROUTE,"Atlanta, GA_Pittsburgh, PA",327
ROUTE,"Atlanta, GA_Portland, ME",328
ROUTE,"Atlanta, GA_Portland, OR",329
ROUTE,"Atlanta, GA_Providence, RI",330
ROUTE,"Atlanta, GA_Raleigh/Durham, NC",331
ROUTE,"Atlanta, GA_Rapid City, SD",332
ROUTE,"Atlanta, GA_Reno, NV",333
ROUTE,"Atlanta, GA_Richmond, VA",334
ROUTE,"Atlanta, GA_Roanoke, VA",335
ROUTE,"Atlanta, GA_Rochester, MN",336
ROUTE,"Atlanta, GA_Rochester, NY",337
ROUTE,"Atlanta, GA_Sacramento, CA",338
ROUTE,"Atlanta, GA_Salt Lake City, UT",339
ROUTE,"Atlanta, GA_San Antonio, TX",340
ROUTE,"Atlanta, GA_San Diego, CA",341
ROUTE,"Atlanta, GA_San Francisco, CA",342
ROUTE,"Atlanta, GA_San Jose, CA",343
ROUTE,"Atlanta, GA_San Juan, PR",344
ROUTE,"Atlanta, GA_Santa Ana, CA",345
ROUTE,"Atlanta, GA_Sarasota/Bradenton, FL",346
ROUTE,"Atlanta, GA_Savannah, GA",347
ROUTE,"Atlanta, GA_Scranton/Wilkes-Barre, PA",348
ROUTE,"Atlanta, GA_Seattle, WA",349
ROUTE,"Atlanta, GA_Shreveport, LA",350
ROUTE,"Atlanta, GA_Sioux Falls, SD",351
ROUTE,"Atlanta, GA_South Bend, IN",352
ROUTE,"Atlanta, GA_Spokane, WA",353
ROUTE,"Atlanta, GA_Springfield, MO",354
ROUTE,"Atlanta, GA_St. Louis, MO",355
ROUTE,"Atlanta, GA_Syracuse, NY",356
ROUTE,"Atlanta, GA_Tallahassee, FL",357
ROUTE,"Atlanta, GA_Tampa, FL",358
ROUTE,"Atlanta, GA_Traverse City, MI",359
ROUTE,"Atlanta, GA_Trenton, NJ",360
ROUTE,"Atlanta, GA_Tucson, AZ",361
ROUTE,"Atlanta, GA_Tulsa, OK",362
ROUTE,"Atlanta, GA_Valdosta, GA",363
ROUTE,"Atlanta, GA_Valparaiso, FL",364
ROUTE,"Atlanta, GA_Washington, DC",365
ROUTE,"Atlanta, GA_West Palm Beach/Palm Beach, FL",366
ROUTE,"Atlanta, GA_White Plains, NY",367
ROUTE,"Atlanta, GA_Wichita, KS",368
ROUTE,"Atlanta, GA_Wilmington, NC",369
ROUTE,"Atlantic City, NJ_Boston, MA",370
ROUTE,"Atlantic City, NJ_Fort Lauderdale, FL",371
ROUTE,"Atlantic City, NJ_Fort Myers, FL",372
ROUTE,"Atlantic City, NJ_Miami, FL",373
ROUTE,"Atlantic City, NJ_Myrtle Beach, SC",374
ROUTE,"Atlantic City, NJ_Orlando, FL",375
ROUTE,"Atlantic City, NJ_San Juan, PR",376
ROUTE,"Atlantic City, NJ_Tampa, FL",377
ROUTE,"Atlantic City, NJ_West Palm Beach/Palm Beach, FL",378
ROUTE,"Augusta, GA_Austin, TX",379
ROUTE,"Augusta, GA_Boston, MA",380
ROUTE,"Augusta, GA_Charlotte, NC",381
ROUTE,"Augusta, GA_Chicago, IL",382
ROUTE,"Augusta, GA_Dallas/Fort Worth, TX",383
ROUTE,"Augusta, GA_Detroit, MI",384
ROUTE,"Augusta, GA_Miami, FL",385
ROUTE,"Augusta, GA_New York, NY",386
ROUTE,"Augusta, GA_Philadelphia, PA",387
ROUTE,"Augusta, GA_Phoenix, AZ",388
ROUTE,"Augusta, GA_Washington, DC",389
ROUTE,"Austin, TX_Baltimore, MD",390
ROUTE,"Austin, TX_Boise, ID",391
ROUTE,"Austin, TX_Boston, MA",392
ROUTE,"Austin, TX_Bozeman, MT",393
ROUTE,"Austin, TX_Burbank, CA",394
ROUTE,"Austin, TX_Charleston, SC",395
ROUTE,"Austin, TX_Charlotte, NC",396
ROUTE,"Austin, TX_Chicago, IL",397
ROUTE,"Austin, TX_Cincinnati, OH",398
ROUTE,"Austin, TX_Cleveland, OH",399
ROUTE,"Austin, TX_Columbus, OH",400
ROUTE,"Austin, TX_Dallas, TX",401
ROUTE,"Austin, TX_Dallas/Fort Worth, TX",402
ROUTE,"Austin, TX_Denver, CO",403
ROUTE,"Austin, TX_Des Moines, IA",404
ROUTE,"Austin, TX_Detroit, MI",405
ROUTE,"Austin, TX_Eagle, CO",406
ROUTE,"Austin, TX_El Paso, TX",407
ROUTE,"Austin, TX_Fayetteville, AR",408
ROUTE,"Austin, TX_Fort Lauderdale, FL",409
ROUTE,"Austin, TX_Fort Myers, FL",410
ROUTE,"Austin, TX_Grand Rapids, MI",411
ROUTE,"Austin, TX_Harlingen/San Benito, TX",412
ROUTE,"Austin, TX_Honolulu, HI",413
ROUTE,"Austin, TX_Houston, TX",414
ROUTE,"Austin, TX_Indianapolis, IN",415
ROUTE,"Austin, TX_Jacksonville, FL",416
ROUTE,"Austin, TX_Kansas City, MO",417
ROUTE,"Austin, TX_Knoxville, TN",418
ROUTE,"Austin, TX_Las Vegas, NV",419
ROUTE,"Austin, TX_Long Beach, CA",420
ROUTE,"Austin, TX_Los Angeles, CA",421
ROUTE,"Austin, TX_Louisville, KY",422
ROUTE,"Austin, TX_Lubbock, TX",423
ROUTE,"Austin, TX_Memphis, TN",424
ROUTE,"Austin, TX_Miami, FL",425
ROUTE,"Austin, TX_Midland/Odessa, TX",426
ROUTE,"Austin, TX_Minneapolis, MN",427
ROUTE,"Austin, TX_Montrose/Delta, CO",428
ROUTE,"Austin, TX_Nashville, TN",429
ROUTE,"Austin, TX_New Orleans, LA",430
ROUTE,"Austin, TX_New York, NY",431
ROUTE,"Austin, TX_Newark, NJ",432
ROUTE,"Austin, TX_Oakland, CA",433
ROUTE,"Austin, TX_Oklahoma City, OK",434
ROUTE,"Austin, TX_Omaha, NE",435
ROUTE,"Austin, TX_Ontario, CA",436
ROUTE,"Austin, TX_Orlando, FL",437
ROUTE,"Austin, TX_Palm Springs, CA",438
ROUTE,"Austin, TX_Panama City, FL",439
ROUTE,"Austin, TX_Pensacola, FL",440
ROUTE,"Austin, TX_Philadelphia, PA",441
ROUTE,"Austin, TX_Phoenix, AZ",442
ROUTE,"Austin, TX_Pittsburgh, PA",443
ROUTE,"Austin, TX_Portland, OR",444
ROUTE,"Austin, TX_Provo, UT",445
ROUTE,"Austin, TX_Punta Gorda, FL",446
ROUTE,"Austin, TX_Raleigh/Durham, NC",447
ROUTE,"Austin, TX_Reno, NV",448
ROUTE,"Austin, TX_Sacramento, CA",449
ROUTE,"Austin, TX_Salt Lake City, UT",450
ROUTE,"Austin, TX_San Diego, CA",451
ROUTE,"Austin, TX_San Francisco, CA",452
ROUTE,"Austin, TX_San Jose, CA",453
ROUTE,"Austin, TX_San Juan, PR",454
ROUTE,"Austin, TX_Sanford, FL",455
ROUTE,"Austin, TX_Santa Ana, CA",456
ROUTE,"Austin, TX_Sarasota/Bradenton, FL",457
ROUTE,"Austin, TX_Seattle, WA",458
ROUTE,"Austin, TX_Sioux Falls, SD",459
ROUTE,"Austin, TX_Springfield, MO",460
ROUTE,"Austin, TX_St. Louis, MO",461
ROUTE,"Austin, TX_Tampa, FL",462
ROUTE,"Austin, TX_Tulsa, OK",463
ROUTE,"Austin, TX_Valparaiso, FL",464
ROUTE,"Austin, TX_Washington, DC",465
ROUTE,"Austin, TX_West Palm Beach/Palm Beach, FL",466
ROUTE,"Bakersfield, CA_Dallas/Fort Worth, TX",467
ROUTE,"Bakersfield, CA_Denver, CO",468
ROUTE,"Bakersfield, CA_Phoenix, AZ",469
ROUTE,"Bakersfield, CA_San Francisco, CA",470
ROUTE,"Baltimore, MD_Birmingham, AL",471
ROUTE,"Baltimore, MD_Boston, MA",472
ROUTE,"Baltimore, MD_Buffalo, NY",473
ROUTE,"Baltimore, MD_Charleston, SC",474
ROUTE,"Baltimore, MD_Charlotte, NC",475
ROUTE,"Baltimore, MD_Chicago, IL",476
ROUTE,"Baltimore, MD_Cincinnati, OH",477
ROUTE,"Baltimore, MD_Cleveland, OH",478
ROUTE,"Baltimore, MD_Columbus, OH",479
ROUTE,"Baltimore, MD_Dallas, TX",480
ROUTE,"Baltimore, MD_Dallas/Fort Worth, TX",481
ROUTE,"Baltimore, MD_Denver, CO",482
ROUTE,"Baltimore, MD_Detroit, MI",483
ROUTE,"Baltimore, MD_Fort Lauderdale, FL",484
ROUTE,"Baltimore, MD_Fort Myers, FL",485
ROUTE,"Baltimore, MD_Grand Rapids, MI",486
ROUTE,"Baltimore, MD_Greer, SC",487
ROUTE,"Baltimore, MD_Hartford, CT",488
ROUTE,"Baltimore, MD_Houston, TX",489
ROUTE,"Baltimore, MD_Indianapolis, IN",490
ROUTE,"Baltimore, MD_Islip, NY",491
ROUTE,"Baltimore, MD_Jackson/Vicksburg, MS",492
ROUTE,"Baltimore, MD_Jacksonville, FL",493
ROUTE,"Baltimore, MD_Kansas City, MO",494
ROUTE,"Baltimore, MD_Knoxville, TN",495
ROUTE,"Baltimore, MD_Las Vegas, NV",496
ROUTE,"Baltimore, MD_Los Angeles, CA",497
ROUTE,"Baltimore, MD_Louisville, KY",498
ROUTE,"Baltimore, MD_Manchester, NH",499
ROUTE,"Baltimore, MD_Memphis, TN",500
ROUTE,"Baltimore, MD_Miami, FL",501
ROUTE,"Baltimore, MD_Milwaukee, WI",502
ROUTE,"Baltimore, MD_Minneapolis, MN",503
ROUTE,"Baltimore, MD_Myrtle Beach, SC",504
ROUTE,"Baltimore, MD_Nashville, TN",505
ROUTE,"Baltimore, MD_New Orleans, LA",506
ROUTE,"Baltimore, MD_New York, NY",507
ROUTE,"Baltimore, MD_Newark, NJ",508
ROUTE,"Baltimore, MD_Norfolk, VA",509
ROUTE,"Baltimore, MD_Oakland, CA",510
ROUTE,"Baltimore, MD_Oklahoma City, OK",511
ROUTE,"Baltimore, MD_Orlando, FL",512
ROUTE,"Baltimore, MD_Panama City, FL",513
ROUTE,"Baltimore, MD_Pensacola, FL",514
ROUTE,"Baltimore, MD_Philadelphia, PA",515
ROUTE,"Baltimore, MD_Phoenix, AZ",516
ROUTE,"Baltimore, MD_Pittsburgh, PA",517
ROUTE,"Baltimore, MD_Portland, ME",518
ROUTE,"Baltimore, MD_Portland, OR",519
ROUTE,"Baltimore, MD_Providence, RI",520
ROUTE,"Baltimore, MD_Punta Gorda, FL",521
ROUTE,"Baltimore, MD_Raleigh/Durham, NC",522
ROUTE,"Baltimore, MD_Rochester, NY",523
ROUTE,"Baltimore, MD_Sacramento, CA",524
ROUTE,"Baltimore, MD_Salt Lake City, UT",525
ROUTE,"Baltimore, MD_San Antonio, TX",526
ROUTE,"Baltimore, MD_San Diego, CA",527
ROUTE,"Baltimore, MD_San Francisco, CA",528
ROUTE,"Baltimore, MD_San Jose, CA",529
ROUTE,"Baltimore, MD_San Juan, PR",530
ROUTE,"Baltimore, MD_Sarasota/Bradenton, FL",531
ROUTE,"Baltimore, MD_Savannah, GA",532
ROUTE,"Baltimore, MD_Seattle, WA",533
ROUTE,"Baltimore, MD_St. Louis, MO",534
ROUTE,"Baltimore, MD_Syracuse, NY",535
ROUTE,"Baltimore, MD_Tampa, FL",536
ROUTE,"Baltimore, MD_Valparaiso, FL",537
ROUTE,"Baltimore, MD_West Palm Beach/Palm Beach, FL",538
ROUTE,"Bangor, ME_Boston, MA",539
ROUTE,"Bangor, ME_Charlotte, NC",540
ROUTE,"Bangor, ME_Chicago, IL",541
ROUTE,"Bangor, ME_Dallas/Fort Worth, TX",542
ROUTE,"Bangor, ME_Detroit, MI",543
ROUTE,"Bangor, ME_Fort Lauderdale, FL",544
ROUTE,"Bangor, ME_New York, NY",545
ROUTE,"Bangor, ME_Newark, NJ",546
ROUTE,"Bangor, ME_Philadelphia, PA",547
ROUTE,"Bangor, ME_Sanford, FL",548
ROUTE,"Bangor, ME_St. Petersburg, FL",549
ROUTE,"Bangor, ME_Washington, DC",550
ROUTE,"Barrow, AK_Deadhorse, AK",551
ROUTE,"Barrow, AK_Fairbanks, AK",552
ROUTE,"Baton Rouge, LA_Charlotte, NC",553
ROUTE,"Baton Rouge, LA_Dallas/Fort Worth, TX",554
ROUTE,"Baton Rouge, LA_Houston, TX",555
ROUTE,"Baton Rouge, LA_Los Angeles, CA",556
ROUTE,"Baton Rouge, LA_Washington, DC",557
ROUTE,"Beaumont/Port Arthur, TX_Dallas/Fort Worth, TX",558
ROUTE,"Belleville, IL_Charleston, SC",559
ROUTE,"Belleville, IL_Fort Lauderdale, FL",560
ROUTE,"Belleville, IL_Jacksonville, FL",561
ROUTE,"Belleville, IL_Las Vegas, NV",562
ROUTE,"Belleville, IL_Myrtle Beach, SC",563
ROUTE,"Belleville, IL_Phoenix, AZ",564
ROUTE,"Belleville, IL_Punta Gorda, FL",565
ROUTE,"Belleville, IL_Sanford, FL",566
ROUTE,"Belleville, IL_Sarasota/Bradenton, FL",567
ROUTE,"Belleville, IL_Savannah, GA",568
ROUTE,"Belleville, IL_St. Petersburg, FL",569
ROUTE,"Belleville, IL_Valparaiso, FL",570
ROUTE,"Bellingham, WA_Denver, CO",571
ROUTE,"Bellingham, WA_Kahului, HI",572
ROUTE,"Bellingham, WA_Kona, HI",573
ROUTE,"Bellingham, WA_Las Vegas, NV",574
ROUTE,"Bellingham, WA_Los Angeles, CA",575
ROUTE,"Bellingham, WA_Oakland, CA",576
ROUTE,"Bellingham, WA_Palm Springs, CA",577
ROUTE,"Bellingham, WA_Phoenix, AZ",578
ROUTE,"Bellingham, WA_San Diego, CA",579
ROUTE,"Bellingham, WA_Seattle, WA",580
ROUTE,"Bellingham, WA_Tucson, AZ",581
ROUTE,"Bemidji, MN_Brainerd, MN",582
ROUTE,"Bemidji, MN_Minneapolis, MN",583
ROUTE,"Bend/Redmond, OR_Chicago, IL",584
ROUTE,"Bend/Redmond, OR_Denver, CO",585
ROUTE,"Bend/Redmond, OR_Las Vegas, NV",586
ROUTE,"Bend/Redmond, OR_Los Angeles, CA",587
ROUTE,"Bend/Redmond, OR_Phoenix, AZ",588
ROUTE,"Bend/Redmond, OR_Portland, OR",589
ROUTE,"Bend/Redmond, OR_Salt Lake City, UT",590
ROUTE,"Bend/Redmond, OR_San Diego, CA",591
ROUTE,"Bend/Redmond, OR_San Francisco, CA",592
ROUTE,"Bend/Redmond, OR_Seattle, WA",593
ROUTE,"Billings, MT_Bozeman, MT",594
ROUTE,"Billings, MT_Chicago, IL",595
ROUTE,"Billings, MT_Dallas/Fort Worth, TX",596
ROUTE,"Billings, MT_Denver, CO",597
ROUTE,"Billings, MT_Las Vegas, NV",598
ROUTE,"Billings, MT_Los Angeles, CA",599
ROUTE,"Billings, MT_Minneapolis, MN",600
ROUTE,"Billings, MT_Phoenix, AZ",601
ROUTE,"Billings, MT_Portland, OR",602
ROUTE,"Billings, MT_Salt Lake City, UT",603
ROUTE,"Billings, MT_San Diego, CA",604
ROUTE,"Billings, MT_Seattle, WA",605
ROUTE,"Binghamton, NY_Detroit, MI",606
ROUTE,"Binghamton, NY_New York, NY",607
ROUTE,"Birmingham, AL_Charlotte, NC",608
ROUTE,"Birmingham, AL_Chicago, IL",609
ROUTE,"Birmingham, AL_Columbia, SC",610
ROUTE,"Birmingham, AL_Dallas, TX",611
ROUTE,"Birmingham, AL_Dallas/Fort Worth, TX",612
ROUTE,"Birmingham, AL_Denver, CO",613
ROUTE,"Birmingham, AL_Detroit, MI",614
ROUTE,"Birmingham, AL_Fayetteville, AR",615
ROUTE,"Birmingham, AL_Fort Lauderdale, FL",616
ROUTE,"Birmingham, AL_Houston, TX",617
ROUTE,"Birmingham, AL_Las Vegas, NV",618
ROUTE,"Birmingham, AL_Miami, FL",619
ROUTE,"Birmingham, AL_New York, NY",620
ROUTE,"Birmingham, AL_Orlando, FL",621
ROUTE,"Birmingham, AL_Philadelphia, PA",622
ROUTE,"Birmingham, AL_Tampa, FL",623
ROUTE,"Birmingham, AL_Washington, DC",624
ROUTE,"Bishop, CA_Denver, CO",625
ROUTE,"Bishop, CA_Los Angeles, CA",626
ROUTE,"Bishop, CA_San Francisco, CA",627
ROUTE,"Bismarck/Mandan, ND_Chicago, IL",628
ROUTE,"Bismarck/Mandan, ND_Dallas/Fort Worth, TX",629
ROUTE,"Bismarck/Mandan, ND_Denver, CO",630
ROUTE,"Bismarck/Mandan, ND_Las Vegas, NV",631
ROUTE,"Bismarck/Mandan, ND_Minneapolis, MN",632
ROUTE,"Bismarck/Mandan, ND_Phoenix, AZ",633
ROUTE,"Bismarck/Mandan, ND_Sanford, FL",634
ROUTE,"Bloomington/Normal, IL_Chicago, IL",635
ROUTE,"Bloomington/Normal, IL_Dallas/Fort Worth, TX",636
ROUTE,"Bloomington/Normal, IL_Denver, CO",637
ROUTE,"Bloomington/Normal, IL_Detroit, MI",638
ROUTE,"Bloomington/Normal, IL_Orlando, FL",639
ROUTE,"Bloomington/Normal, IL_Sanford, FL",640
ROUTE,"Bloomington/Normal, IL_St. Petersburg, FL",641
ROUTE,"Bloomington/Normal, IL_Tampa, FL",642
ROUTE,"Bloomington/Normal, IL_Valparaiso, FL",643
ROUTE,"Boise, ID_Burbank, CA",644
ROUTE,"Boise, ID_Chicago, IL",645
ROUTE,"Boise, ID_Dallas, TX",646
ROUTE,"Boise, ID_Dallas/Fort Worth, TX",647
ROUTE,"Boise, ID_Denver, CO",648
ROUTE,"Boise, ID_Everett, WA",649
ROUTE,"Boise, ID_Houston, TX",650
ROUTE,"Boise, ID_Idaho Falls, ID",651
ROUTE,"Boise, ID_Las Vegas, NV",652
ROUTE,"Boise, ID_Los Angeles, CA",653
ROUTE,"Boise, ID_Minneapolis, MN",654
ROUTE,"Boise, ID_Nashville, TN",655
ROUTE,"Boise, ID_New York, NY",656
ROUTE,"Boise, ID_Oakland, CA",657
ROUTE,"Boise, ID_Palm Springs, CA",658
ROUTE,"Boise, ID_Phoenix, AZ",659
ROUTE,"Boise, ID_Portland, OR",660
ROUTE,"Boise, ID_Pullman, WA",661
ROUTE,"Boise, ID_Sacramento, CA",662
ROUTE,"Boise, ID_Salt Lake City, UT",663
ROUTE,"Boise, ID_San Diego, CA",664
ROUTE,"Boise, ID_San Francisco, CA",665
ROUTE,"Boise, ID_San Jose, CA",666
ROUTE,"Boise, ID_Santa Ana, CA",667
ROUTE,"Boise, ID_Seattle, WA",668
ROUTE,"Boise, ID_Spokane, WA",669
ROUTE,"Boston, MA_Bozeman, MT",670
ROUTE,"Boston, MA_Buffalo, NY",671
ROUTE,"Boston, MA_Burbank, CA",672
ROUTE,"Boston, MA_Charleston, SC",673
ROUTE,"Boston, MA_Charlotte Amalie, VI",674
ROUTE,"Boston, MA_Charlotte, NC",675
ROUTE,"Boston, MA_Chicago, IL",676
ROUTE,"Boston, MA_Cincinnati, OH",677
ROUTE,"Boston, MA_Cleveland, OH",678
ROUTE,"Boston, MA_Columbus, OH",679
ROUTE,"Boston, MA_Dallas, TX",680
ROUTE,"Boston, MA_Dallas/Fort Worth, TX",681
ROUTE,"Boston, MA_Denver, CO",682
ROUTE,"Boston, MA_Detroit, MI",683
ROUTE,"Boston, MA_Flint, MI",684
ROUTE,"Boston, MA_Fort Lauderdale, FL",685
ROUTE,"Boston, MA_Fort Myers, FL",686
ROUTE,"Boston, MA_Grand Rapids, MI",687
ROUTE,"Boston, MA_Hayden, CO",688
ROUTE,"Boston, MA_Hilton Head, SC",689
ROUTE,"Boston, MA_Honolulu, HI",690
ROUTE,"Boston, MA_Houston, TX",691
ROUTE,"Boston, MA_Indianapolis, IN",692
ROUTE,"Boston, MA_Jacksonville, FL",693
ROUTE,"Boston, MA_Kansas City, MO",694
ROUTE,"Boston, MA_Key West, FL",695
ROUTE,"Boston, MA_Knoxville, TN",696
ROUTE,"Boston, MA_Las Vegas, NV",697
ROUTE,"Boston, MA_Long Beach, CA",698
ROUTE,"Boston, MA_Los Angeles, CA",699
ROUTE,"Boston, MA_Louisville, KY",700
ROUTE,"Boston, MA_Madison, WI",701
ROUTE,"Boston, MA_Martha's Vineyard, MA",702
ROUTE,"Boston, MA_Memphis, TN",703
ROUTE,"Boston, MA_Miami, FL",704
ROUTE,"Boston, MA_Milwaukee, WI",705
ROUTE,"Boston, MA_Minneapolis, MN",706
ROUTE,"Boston, MA_Montrose/Delta, CO",707
ROUTE,"Boston, MA_Myrtle Beach, SC",708
ROUTE,"Boston, MA_Nantucket, MA",709
ROUTE,"Boston, MA_Nashville, TN",710
ROUTE,"Boston, MA_New Orleans, LA",711
ROUTE,"Boston, MA_New York, NY",712
ROUTE,"Boston, MA_Newark, NJ",713
ROUTE,"Boston, MA_Norfolk, VA",714
ROUTE,"Boston, MA_Oakland, CA",715
ROUTE,"Boston, MA_Orlando, FL",716
ROUTE,"Boston, MA_Palm Springs, CA",717
ROUTE,"Boston, MA_Pensacola, FL",718
ROUTE,"Boston, MA_Philadelphia, PA",719
ROUTE,"Boston, MA_Phoenix, AZ",720
ROUTE,"Boston, MA_Pittsburgh, PA",721
ROUTE,"Boston, MA_Portland, OR",722
ROUTE,"Boston, MA_Raleigh/Durham, NC",723
ROUTE,"Boston, MA_Richmond, VA",724
ROUTE,"Boston, MA_Rochester, NY",725
ROUTE,"Boston, MA_Sacramento, CA",726
ROUTE,"Boston, MA_Salt Lake City, UT",727
ROUTE,"Boston, MA_San Antonio, TX",728
ROUTE,"Boston, MA_San Diego, CA",729
ROUTE,"Boston, MA_San Francisco, CA",730
ROUTE,"Boston, MA_San Jose, CA",731
ROUTE,"Boston, MA_San Juan, PR",732
ROUTE,"Boston, MA_Sarasota/Bradenton, FL",733
ROUTE,"Boston, MA_Savannah, GA",734
ROUTE,"Boston, MA_Seattle, WA",735
ROUTE,"Boston, MA_St. Louis, MO",736
ROUTE,"Boston, MA_Syracuse, NY",737
ROUTE,"Boston, MA_Tampa, FL",738
ROUTE,"Boston, MA_Traverse City, MI",739
ROUTE,"Boston, MA_Valparaiso, FL",740
ROUTE,"Boston, MA_Washington, DC",741
ROUTE,"Boston, MA_West Palm Beach/Palm Beach, FL",742
ROUTE,"Boston, MA_White Plains, NY",743
ROUTE,"Boston, MA_Wilmington, NC",744
ROUTE,"Bozeman, MT_Charlotte, NC",745
ROUTE,"Bozeman, MT_Chicago, IL",746
ROUTE,"Bozeman, MT_Dallas, TX",747
ROUTE,"Bozeman, MT_Dallas/Fort Worth, TX",748
ROUTE,"Bozeman, MT_Denver, CO",749
ROUTE,"Bozeman, MT_Detroit, MI",750
ROUTE,"Bozeman, MT_Fort Lauderdale, FL",751
ROUTE,"Bozeman, MT_Houston, TX",752
ROUTE,"Bozeman, MT_Las Vegas, NV",753
ROUTE,"Bozeman, MT_Long Beach, CA",754
ROUTE,"Bozeman, MT_Los Angeles, CA",755
ROUTE,"Bozeman, MT_Minneapolis, MN",756
ROUTE,"Bozeman, MT_Nashville, TN",757
ROUTE,"Bozeman, MT_New York, NY",758
ROUTE,"Bozeman, MT_Newark, NJ",759
ROUTE,"Bozeman, MT_Oakland, CA",760
ROUTE,"Bozeman, MT_Philadelphia, PA",761
ROUTE,"Bozeman, MT_Phoenix, AZ",762
ROUTE,"Bozeman, MT_Portland, OR",763
ROUTE,"Bozeman, MT_Salt Lake City, UT",764
ROUTE,"Bozeman, MT_San Diego, CA",765
ROUTE,"Bozeman, MT_San Francisco, CA",766
ROUTE,"Bozeman, MT_Seattle, WA",767
ROUTE,"Bozeman, MT_Washington, DC",768
ROUTE,"Brainerd, MN_Minneapolis, MN",769
ROUTE,"Branson, MO_Chicago, IL",770
ROUTE,"Branson, MO_Dallas/Fort Worth, TX",771
ROUTE,"Branson, MO_Denver, CO",772
ROUTE,"Bristol/Johnson City/Kingsport, TN_Charlotte, NC",773
ROUTE,"Bristol/Johnson City/Kingsport, TN_Dallas/Fort Worth, TX",774
ROUTE,"Bristol/Johnson City/Kingsport, TN_Sanford, FL",775
ROUTE,"Bristol/Johnson City/Kingsport, TN_St. Petersburg, FL",776
ROUTE,"Brownsville, TX_Chicago, IL",777
ROUTE,"Brownsville, TX_Dallas/Fort Worth, TX",778
ROUTE,"Brownsville, TX_Denver, CO",779
ROUTE,"Brownsville, TX_Houston, TX",780
ROUTE,"Buffalo, NY_Charlotte, NC",781
ROUTE,"Buffalo, NY_Chicago, IL",782
ROUTE,"Buffalo, NY_Dallas/Fort Worth, TX",783
ROUTE,"Buffalo, NY_Denver, CO",784
ROUTE,"Buffalo, NY_Detroit, MI",785
ROUTE,"Buffalo, NY_Fort Lauderdale, FL",786
ROUTE,"Buffalo, NY_Fort Myers, FL",787
ROUTE,"Buffalo, NY_Las Vegas, NV",788
ROUTE,"Buffalo, NY_Los Angeles, CA",789
ROUTE,"Buffalo, NY_Miami, FL",790
ROUTE,"Buffalo, NY_Minneapolis, MN",791
ROUTE,"Buffalo, NY_Myrtle Beach, SC",792
ROUTE,"Buffalo, NY_Nashville, TN",793
ROUTE,"Buffalo, NY_New York, NY",794
ROUTE,"Buffalo, NY_Newark, NJ",795
ROUTE,"Buffalo, NY_Orlando, FL",796
ROUTE,"Buffalo, NY_Philadelphia, PA",797
ROUTE,"Buffalo, NY_Phoenix, AZ",798
ROUTE,"Buffalo, NY_Raleigh/Durham, NC",799
ROUTE,"Buffalo, NY_San Juan, PR",800
ROUTE,"Buffalo, NY_Tampa, FL",801
ROUTE,"Buffalo, NY_Washington, DC",802
ROUTE,"Burbank, CA_Chicago, IL",803
ROUTE,"Burbank, CA_Dallas, TX",804
ROUTE,"Burbank, CA_Dallas/Fort Worth, TX",805
ROUTE,"Burbank, CA_Denver, CO",806
ROUTE,"Burbank, CA_Eugene, OR",807
ROUTE,"Burbank, CA_Houston, TX",808
ROUTE,"Burbank, CA_Las Vegas, NV",809
ROUTE,"Burbank, CA_Nashville, TN",810
ROUTE,"Burbank, CA_New York, NY",811
ROUTE,"Burbank, CA_Oakland, CA",812
ROUTE,"Burbank, CA_Phoenix, AZ",813
ROUTE,"Burbank, CA_Portland, OR",814
ROUTE,"Burbank, CA_Reno, NV",815
ROUTE,"Burbank, CA_Sacramento, CA",816
ROUTE,"Burbank, CA_Salt Lake City, UT",817
ROUTE,"Burbank, CA_San Francisco, CA",818
ROUTE,"Burbank, CA_San Jose, CA",819
ROUTE,"Burbank, CA_Santa Rosa, CA",820
ROUTE,"Burbank, CA_Seattle, WA",821
ROUTE,"Burlington, VT_Charlotte, NC",822
ROUTE,"Burlington, VT_Chicago, IL",823
ROUTE,"Burlington, VT_Dallas/Fort Worth, TX",824
ROUTE,"Burlington, VT_Denver, CO",825
ROUTE,"Burlington, VT_Detroit, MI",826
ROUTE,"Burlington, VT_Hartford, CT",827
ROUTE,"Burlington, VT_Miami, FL",828
ROUTE,"Burlington, VT_Minneapolis, MN",829
ROUTE,"Burlington, VT_New York, NY",830
ROUTE,"Burlington, VT_Newark, NJ",831
ROUTE,"Burlington, VT_Orlando, FL",832
ROUTE,"Burlington, VT_Philadelphia, PA",833
ROUTE,"Burlington, VT_Washington, DC",834
ROUTE,"Butte, MT_Denver, CO",835
ROUTE,"Butte, MT_Salt Lake City, UT",836
ROUTE,"CONCORD, NC_Fort Lauderdale, FL",837
ROUTE,"CONCORD, NC_New Orleans, LA",838
ROUTE,"CONCORD, NC_Punta Gorda, FL",839
ROUTE,"CONCORD, NC_Sanford, FL",840
ROUTE,"CONCORD, NC_St. Petersburg, FL",841
ROUTE,"CONCORD, NC_Valparaiso, FL",842
ROUTE,"CONCORD, NC_West Palm Beach/Palm Beach, FL",843
ROUTE,"Cape Girardeau, MO_Chicago, IL",844
ROUTE,"Cape Girardeau, MO_Decatur, IL",845
ROUTE,"Cape Girardeau, MO_Paducah, KY",846
ROUTE,"Casper, WY_Denver, CO",847
ROUTE,"Casper, WY_Salt Lake City, UT",848
ROUTE,"Cedar City, UT_Salt Lake City, UT",849
ROUTE,"Cedar Rapids/Iowa City, IA_Charlotte, NC",850
ROUTE,"Cedar Rapids/Iowa City, IA_Chicago, IL",851
ROUTE,"Cedar Rapids/Iowa City, IA_Columbus, OH",852
ROUTE,"Cedar Rapids/Iowa City, IA_Dallas/Fort Worth, TX",853
ROUTE,"Cedar Rapids/Iowa City, IA_Denver, CO",854
ROUTE,"Cedar Rapids/Iowa City, IA_Detroit, MI",855
ROUTE,"Cedar Rapids/Iowa City, IA_Las Vegas, NV",856
ROUTE,"Cedar Rapids/Iowa City, IA_Los Angeles, CA",857
ROUTE,"Cedar Rapids/Iowa City, IA_Minneapolis, MN",858
ROUTE,"Cedar Rapids/Iowa City, IA_Nashville, TN",859
ROUTE,"Cedar Rapids/Iowa City, IA_Orlando, FL",860
ROUTE,"Cedar Rapids/Iowa City, IA_Phoenix, AZ",861
ROUTE,"Cedar Rapids/Iowa City, IA_Punta Gorda, FL",862
ROUTE,"Cedar Rapids/Iowa City, IA_Sanford, FL",863
ROUTE,"Cedar Rapids/Iowa City, IA_Sarasota/Bradenton, FL",864
ROUTE,"Cedar Rapids/Iowa City, IA_St. Petersburg, FL",865
ROUTE,"Cedar Rapids/Iowa City, IA_Washington, DC",866
ROUTE,"Champaign/Urbana, IL_Charlotte, NC",867
ROUTE,"Champaign/Urbana, IL_Chicago, IL",868
ROUTE,"Champaign/Urbana, IL_Dallas/Fort Worth, TX",869
ROUTE,"Charleston, SC_Charlotte, NC",870
ROUTE,"Charleston, SC_Chicago, IL",871
ROUTE,"Charleston, SC_Cincinnati, OH",872
ROUTE,"Charleston, SC_Cleveland, OH",873
ROUTE,"Charleston, SC_Columbus, OH",874
ROUTE,"Charleston, SC_Dallas, TX",875
ROUTE,"Charleston, SC_Dallas/Fort Worth, TX",876
ROUTE,"Charleston, SC_Denver, CO",877
ROUTE,"Charleston, SC_Detroit, MI",878
ROUTE,"Charleston, SC_Fort Lauderdale, FL",879
ROUTE,"Charleston, SC_Houston, TX",880
ROUTE,"Charleston, SC_Indianapolis, IN",881
ROUTE,"Charleston, SC_Kansas City, MO",882
ROUTE,"Charleston, SC_Los Angeles, CA",883
ROUTE,"Charleston, SC_Louisville, KY",884
ROUTE,"Charleston, SC_Miami, FL",885
ROUTE,"Charleston, SC_Minneapolis, MN",886
ROUTE,"Charleston, SC_Myrtle Beach, SC",887
ROUTE,"Charleston, SC_Nashville, TN",888
ROUTE,"Charleston, SC_New York, NY",889
ROUTE,"Charleston, SC_Newark, NJ",890
ROUTE,"Charleston, SC_Philadelphia, PA",891
ROUTE,"Charleston, SC_Pittsburgh, PA",892
ROUTE,"Charleston, SC_Punta Gorda, FL",893
ROUTE,"Charleston, SC_Raleigh/Durham, NC",894
ROUTE,"Charleston, SC_Seattle, WA",895
ROUTE,"Charleston, SC_St. Louis, MO",896
ROUTE,"Charleston, SC_Trenton, NJ",897
ROUTE,"Charleston, SC_Washington, DC",898
ROUTE,"Charleston, SC_White Plains, NY",899
ROUTE,"Charleston/Dunbar, WV_Charlotte, NC",900
ROUTE,"Charleston/Dunbar, WV_Chicago, IL",901
ROUTE,"Charleston/Dunbar, WV_Houston, TX",902
ROUTE,"Charleston/Dunbar, WV_Myrtle Beach, SC",903
ROUTE,"Charleston/Dunbar, WV_Orlando, FL",904
ROUTE,"Charleston/Dunbar, WV_Philadelphia, PA",905
ROUTE,"Charleston/Dunbar, WV_Washington, DC",906
ROUTE,"Charlotte Amalie, VI_Charlotte, NC",907
ROUTE,"Charlotte Amalie, VI_Chicago, IL",908
ROUTE,"Charlotte Amalie, VI_Christiansted, VI",909
ROUTE,"Charlotte Amalie, VI_Dallas/Fort Worth, TX",910
ROUTE,"Charlotte Amalie, VI_Fort Lauderdale, FL",911
ROUTE,"Charlotte Amalie, VI_Houston, TX",912
ROUTE,"Charlotte Amalie, VI_Miami, FL",913
ROUTE,"Charlotte Amalie, VI_Minneapolis, MN",914
ROUTE,"Charlotte Amalie, VI_New York, NY",915
ROUTE,"Charlotte Amalie, VI_Newark, NJ",916
ROUTE,"Charlotte Amalie, VI_Orlando, FL",917
ROUTE,"Charlotte Amalie, VI_Philadelphia, PA",918
ROUTE,"Charlotte Amalie, VI_San Juan, PR",919
ROUTE,"Charlotte Amalie, VI_Washington, DC",920
ROUTE,"Charlotte, NC_Charlottesville, VA",921
ROUTE,"Charlotte, NC_Chattanooga, TN",922
ROUTE,"Charlotte, NC_Chicago, IL",923
ROUTE,"Charlotte, NC_Christiansted, VI",924
ROUTE,"Charlotte, NC_Cincinnati, OH",925
ROUTE,"Charlotte, NC_Cleveland, OH",926
ROUTE,"Charlotte, NC_Columbia, SC",927
ROUTE,"Charlotte, NC_Columbus, GA",928
ROUTE,"Charlotte, NC_Columbus, OH",929
ROUTE,"Charlotte, NC_Dallas, TX",930
ROUTE,"Charlotte, NC_Dallas/Fort Worth, TX",931
ROUTE,"Charlotte, NC_Dayton, OH",932
ROUTE,"Charlotte, NC_Daytona Beach, FL",933
ROUTE,"Charlotte, NC_Denver, CO",934
ROUTE,"Charlotte, NC_Des Moines, IA",935
ROUTE,"Charlotte, NC_Detroit, MI",936
ROUTE,"Charlotte, NC_El Paso, TX",937
ROUTE,"Charlotte, NC_Erie, PA",938
ROUTE,"Charlotte, NC_Evansville, IN",939
ROUTE,"Charlotte, NC_Fayetteville, AR",940
ROUTE,"Charlotte, NC_Fayetteville, NC",941
ROUTE,"Charlotte, NC_Flint, MI",942
ROUTE,"Charlotte, NC_Florence, SC",943
ROUTE,"Charlotte, NC_Fort Lauderdale, FL",944
ROUTE,"Charlotte, NC_Fort Myers, FL",945
ROUTE,"Charlotte, NC_Fort Wayne, IN",946
ROUTE,"Charlotte, NC_Gainesville, FL",947
ROUTE,"Charlotte, NC_Grand Rapids, MI",948
ROUTE,"Charlotte, NC_Greensboro/High Point, NC",949
ROUTE,"Charlotte, NC_Greenville, NC",950
ROUTE,"Charlotte, NC_Greer, SC",951
ROUTE,"Charlotte, NC_Gulfport/Biloxi, MS",952
ROUTE,"Charlotte, NC_Harrisburg, PA",953
ROUTE,"Charlotte, NC_Hartford, CT",954
ROUTE,"Charlotte, NC_Hilton Head, SC",955
ROUTE,"Charlotte, NC_Honolulu, HI",956
ROUTE,"Charlotte, NC_Houston, TX",957
ROUTE,"Charlotte, NC_Huntsville, AL",958
ROUTE,"Charlotte, NC_Indianapolis, IN",959
ROUTE,"Charlotte, NC_Ithaca/Cortland, NY",960
ROUTE,"Charlotte, NC_Jackson, WY",961
ROUTE,"Charlotte, NC_Jackson/Vicksburg, MS",962
ROUTE,"Charlotte, NC_Jacksonville, FL",963
ROUTE,"Charlotte, NC_Jacksonville/Camp Lejeune, NC",964
ROUTE,"Charlotte, NC_Kalispell, MT",965
ROUTE,"Charlotte, NC_Kansas City, MO",966
ROUTE,"Charlotte, NC_Key West, FL",967
ROUTE,"Charlotte, NC_Knoxville, TN",968
ROUTE,"Charlotte, NC_Lafayette, LA",969
ROUTE,"Charlotte, NC_Las Vegas, NV",970
ROUTE,"Charlotte, NC_Lexington, KY",971
ROUTE,"Charlotte, NC_Little Rock, AR",972
ROUTE,"Charlotte, NC_Los Angeles, CA",973
ROUTE,"Charlotte, NC_Louisville, KY",974
ROUTE,"Charlotte, NC_Lynchburg, VA",975
ROUTE,"Charlotte, NC_Madison, WI",976
ROUTE,"Charlotte, NC_Manchester, NH",977
ROUTE,"Charlotte, NC_Martha's Vineyard, MA",978
ROUTE,"Charlotte, NC_Melbourne, FL",979
ROUTE,"Charlotte, NC_Memphis, TN",980
ROUTE,"Charlotte, NC_Miami, FL",981
ROUTE,"Charlotte, NC_Milwaukee, WI",982
ROUTE,"Charlotte, NC_Minneapolis, MN",983
ROUTE,"Charlotte, NC_Mobile, AL",984
ROUTE,"Charlotte, NC_Montgomery, AL",985
ROUTE,"Charlotte, NC_Montrose/Delta, CO",986
ROUTE,"Charlotte, NC_Myrtle Beach, SC",987
ROUTE,"Charlotte, NC_Nantucket, MA",988
ROUTE,"Charlotte, NC_Nashville, TN",989
ROUTE,"Charlotte, NC_New Bern/Morehead/Beaufort, NC",990
ROUTE,"Charlotte, NC_New Haven, CT",991
ROUTE,"Charlotte, NC_New Orleans, LA",992
ROUTE,"Charlotte, NC_New York, NY",993
ROUTE,"Charlotte, NC_Newark, NJ",994
ROUTE,"Charlotte, NC_Newport News/Williamsburg, VA",995
ROUTE,"Charlotte, NC_Norfolk, VA",996
ROUTE,"Charlotte, NC_Oklahoma City, OK",997
ROUTE,"Charlotte, NC_Omaha, NE",998
ROUTE,"Charlotte, NC_Ontario, CA",999
ROUTE,"Charlotte, NC_Orlando, FL",1000
ROUTE,"Charlotte, NC_Panama City, FL",1001
ROUTE,"Charlotte, NC_Pensacola, FL",1002
ROUTE,"Charlotte, NC_Peoria, IL",1003
ROUTE,"Charlotte, NC_Philadelphia, PA",1004
ROUTE,"Charlotte, NC_Phoenix, AZ",1005
ROUTE,"Charlotte, NC_Pittsburgh, PA",1006
ROUTE,"Charlotte, NC_Portland, ME",1007
ROUTE,"Charlotte, NC_Portland, OR",1008
ROUTE,"Charlotte, NC_Providence, RI",1009
ROUTE,"Charlotte, NC_Raleigh/Durham, NC",1010
ROUTE,"Charlotte, NC_Rapid City, SD",1011
ROUTE,"Charlotte, NC_Reno, NV",1012
ROUTE,"Charlotte, NC_Richmond, VA",1013
ROUTE,"Charlotte, NC_Roanoke, VA",1014
ROUTE,"Charlotte, NC_Rochester, NY",1015
ROUTE,"Charlotte, NC_Sacramento, CA",1016
ROUTE,"Charlotte, NC_Salt Lake City, UT",1017
ROUTE,"Charlotte, NC_San Antonio, TX",1018
ROUTE,"Charlotte, NC_San Diego, CA",1019
ROUTE,"Charlotte, NC_San Francisco, CA",1020
ROUTE,"Charlotte, NC_San Jose, CA",1021
ROUTE,"Charlotte, NC_San Juan, PR",1022
ROUTE,"Charlotte, NC_Santa Ana, CA",1023
ROUTE,"Charlotte, NC_Sarasota/Bradenton, FL",1024
ROUTE,"Charlotte, NC_Savannah, GA",1025
ROUTE,"Charlotte, NC_Scranton/Wilkes-Barre, PA",1026
ROUTE,"Charlotte, NC_Seattle, WA",1027
ROUTE,"Charlotte, NC_Shreveport, LA",1028
ROUTE,"Charlotte, NC_Sioux Falls, SD",1029
ROUTE,"Charlotte, NC_South Bend, IN",1030
ROUTE,"Charlotte, NC_Springfield, MO",1031
ROUTE,"Charlotte, NC_St. Louis, MO",1032
ROUTE,"Charlotte, NC_Syracuse, NY",1033
ROUTE,"Charlotte, NC_Tallahassee, FL",1034
ROUTE,"Charlotte, NC_Tampa, FL",1035
ROUTE,"Charlotte, NC_Toledo, OH",1036
ROUTE,"Charlotte, NC_Traverse City, MI",1037
ROUTE,"Charlotte, NC_Trenton, NJ",1038
ROUTE,"Charlotte, NC_Tucson, AZ",1039
ROUTE,"Charlotte, NC_Tulsa, OK",1040
ROUTE,"Charlotte, NC_Valparaiso, FL",1041
ROUTE,"Charlotte, NC_Washington, DC",1042
ROUTE,"Charlotte, NC_West Palm Beach/Palm Beach, FL",1043
ROUTE,"Charlotte, NC_White Plains, NY",1044
ROUTE,"Charlotte, NC_Williamsport, PA",1045
ROUTE,"Charlotte, NC_Wilmington, NC",1046
ROUTE,"Charlottesville, VA_Chicago, IL",1047
ROUTE,"Charlottesville, VA_New York, NY",1048
ROUTE,"Charlottesville, VA_Philadelphia, PA",1049
ROUTE,"Chattanooga, TN_Chicago, IL",1050
ROUTE,"Chattanooga, TN_Dallas/Fort Worth, TX",1051
ROUTE,"Chattanooga, TN_Detroit, MI",1052
ROUTE,"Chattanooga, TN_Houston, TX",1053
ROUTE,"Chattanooga, TN_Miami, FL",1054
ROUTE,"Chattanooga, TN_New York, NY",1055
ROUTE,"Chattanooga, TN_Philadelphia, PA",1056
ROUTE,"Chattanooga, TN_Sanford, FL",1057
ROUTE,"Chattanooga, TN_St. Petersburg, FL",1058
ROUTE,"Chattanooga, TN_Washington, DC",1059
ROUTE,"Cheyenne, WY_Dallas/Fort Worth, TX",1060
ROUTE,"Cheyenne, WY_Denver, CO",1061
ROUTE,"Chicago, IL_Cincinnati, OH",1062
ROUTE,"Chicago, IL_Clarksburg/Fairmont, WV",1063
ROUTE,"Chicago, IL_Cleveland, OH",1064
ROUTE,"Chicago, IL_Cody, WY",1065
ROUTE,"Chicago, IL_Colorado Springs, CO",1066
ROUTE,"Chicago, IL_Columbia, MO",1067
ROUTE,"Chicago, IL_Columbia, SC",1068
ROUTE,"Chicago, IL_Columbus, OH",1069
ROUTE,"Chicago, IL_Dallas, TX",1070
ROUTE,"Chicago, IL_Dallas/Fort Worth, TX",1071
ROUTE,"Chicago, IL_Dayton, OH",1072
ROUTE,"Chicago, IL_Decatur, IL",1073
ROUTE,"Chicago, IL_Denver, CO",1074
ROUTE,"Chicago, IL_Des Moines, IA",1075
ROUTE,"Chicago, IL_Detroit, MI",1076
ROUTE,"Chicago, IL_Dubuque, IA",1077
ROUTE,"Chicago, IL_Duluth, MN",1078
ROUTE,"Chicago, IL_Durango, CO",1079
ROUTE,"Chicago, IL_Eagle, CO",1080
ROUTE,"Chicago, IL_Eau Claire, WI",1081
ROUTE,"Chicago, IL_El Paso, TX",1082
ROUTE,"Chicago, IL_Erie, PA",1083
ROUTE,"Chicago, IL_Eugene, OR",1084
ROUTE,"Chicago, IL_Evansville, IN",1085
ROUTE,"Chicago, IL_Fairbanks, AK",1086
ROUTE,"Chicago, IL_Fargo, ND",1087
ROUTE,"Chicago, IL_Fayetteville, AR",1088
ROUTE,"Chicago, IL_Flint, MI",1089
ROUTE,"Chicago, IL_Fort Dodge, IA",1090
ROUTE,"Chicago, IL_Fort Lauderdale, FL",1091
ROUTE,"Chicago, IL_Fort Leonard Wood, MO",1092
ROUTE,"Chicago, IL_Fort Myers, FL",1093
ROUTE,"Chicago, IL_Fort Wayne, IN",1094
ROUTE,"Chicago, IL_Fresno, CA",1095
ROUTE,"Chicago, IL_Grand Junction, CO",1096
ROUTE,"Chicago, IL_Grand Rapids, MI",1097
ROUTE,"Chicago, IL_Great Falls, MT",1098
ROUTE,"Chicago, IL_Green Bay, WI",1099
ROUTE,"Chicago, IL_Greensboro/High Point, NC",1100
ROUTE,"Chicago, IL_Greer, SC",1101
ROUTE,"Chicago, IL_Hancock/Houghton, MI",1102
ROUTE,"Chicago, IL_Harlingen/San Benito, TX",1103
ROUTE,"Chicago, IL_Harrisburg, PA",1104
ROUTE,"Chicago, IL_Hartford, CT",1105
ROUTE,"Chicago, IL_Hayden, CO",1106
ROUTE,"Chicago, IL_Hays, KS",1107
ROUTE,"Chicago, IL_Hilton Head, SC",1108
ROUTE,"Chicago, IL_Honolulu, HI",1109
ROUTE,"Chicago, IL_Houston, TX",1110
ROUTE,"Chicago, IL_Huntsville, AL",1111
ROUTE,"Chicago, IL_Indianapolis, IN",1112
ROUTE,"Chicago, IL_Jackson, WY",1113
ROUTE,"Chicago, IL_Jackson/Vicksburg, MS",1114
ROUTE,"Chicago, IL_Jacksonville, FL",1115
ROUTE,"Chicago, IL_Johnstown, PA",1116
ROUTE,"Chicago, IL_Joplin, MO",1117
ROUTE,"Chicago, IL_Kahului, HI",1118
ROUTE,"Chicago, IL_Kalamazoo, MI",1119
ROUTE,"Chicago, IL_Kalispell, MT",1120
ROUTE,"Chicago, IL_Kansas City, MO",1121
ROUTE,"Chicago, IL_Kearney, NE",1122
ROUTE,"Chicago, IL_Key West, FL",1123
ROUTE,"Chicago, IL_Knoxville, TN",1124
ROUTE,"Chicago, IL_Kona, HI",1125
ROUTE,"Chicago, IL_La Crosse, WI",1126
ROUTE,"Chicago, IL_Lansing, MI",1127
ROUTE,"Chicago, IL_Las Vegas, NV",1128
ROUTE,"Chicago, IL_Lewisburg, WV",1129
ROUTE,"Chicago, IL_Lexington, KY",1130
ROUTE,"Chicago, IL_Lincoln, NE",1131
ROUTE,"Chicago, IL_Little Rock, AR",1132
ROUTE,"Chicago, IL_Long Beach, CA",1133
ROUTE,"Chicago, IL_Los Angeles, CA",1134
ROUTE,"Chicago, IL_Louisville, KY",1135
ROUTE,"Chicago, IL_Madison, WI",1136
ROUTE,"Chicago, IL_Manchester, NH",1137
ROUTE,"Chicago, IL_Manhattan/Ft. Riley, KS",1138
ROUTE,"Chicago, IL_Marquette, MI",1139
ROUTE,"Chicago, IL_Martha's Vineyard, MA",1140
ROUTE,"Chicago, IL_Mason City, IA",1141
ROUTE,"Chicago, IL_Memphis, TN",1142
ROUTE,"Chicago, IL_Meridian, MS",1143
ROUTE,"Chicago, IL_Miami, FL",1144
ROUTE,"Chicago, IL_Milwaukee, WI",1145
ROUTE,"Chicago, IL_Minneapolis, MN",1146
ROUTE,"Chicago, IL_Missoula, MT",1147
ROUTE,"Chicago, IL_Mobile, AL",1148
ROUTE,"Chicago, IL_Moline, IL",1149
ROUTE,"Chicago, IL_Montrose/Delta, CO",1150
ROUTE,"Chicago, IL_Mosinee, WI",1151
ROUTE,"Chicago, IL_Muskegon, MI",1152
ROUTE,"Chicago, IL_Myrtle Beach, SC",1153
ROUTE,"Chicago, IL_Nantucket, MA",1154
ROUTE,"Chicago, IL_Nashville, TN",1155
ROUTE,"Chicago, IL_New Orleans, LA",1156
ROUTE,"Chicago, IL_New York, NY",1157
ROUTE,"Chicago, IL_Newark, NJ",1158
ROUTE,"Chicago, IL_Norfolk, VA",1159
ROUTE,"Chicago, IL_Oakland, CA",1160
ROUTE,"Chicago, IL_Ogdensburg, NY",1161
ROUTE,"Chicago, IL_Oklahoma City, OK",1162
ROUTE,"Chicago, IL_Omaha, NE",1163
ROUTE,"Chicago, IL_Ontario, CA",1164
ROUTE,"Chicago, IL_Orlando, FL",1165
ROUTE,"Chicago, IL_Paducah, KY",1166
ROUTE,"Chicago, IL_Palm Springs, CA",1167
ROUTE,"Chicago, IL_Panama City, FL",1168
ROUTE,"Chicago, IL_Pensacola, FL",1169
ROUTE,"Chicago, IL_Peoria, IL",1170
ROUTE,"Chicago, IL_Philadelphia, PA",1171
ROUTE,"Chicago, IL_Phoenix, AZ",1172
ROUTE,"Chicago, IL_Pittsburgh, PA",1173
ROUTE,"Chicago, IL_Portland, ME",1174
ROUTE,"Chicago, IL_Portland, OR",1175
ROUTE,"Chicago, IL_Providence, RI",1176
ROUTE,"Chicago, IL_Provo, UT",1177
ROUTE,"Chicago, IL_Punta Gorda, FL",1178
ROUTE,"Chicago, IL_Quincy, IL",1179
ROUTE,"Chicago, IL_Raleigh/Durham, NC",1180
ROUTE,"Chicago, IL_Rapid City, SD",1181
ROUTE,"Chicago, IL_Reno, NV",1182
ROUTE,"Chicago, IL_Rhinelander, WI",1183
ROUTE,"Chicago, IL_Richmond, VA",1184
ROUTE,"Chicago, IL_Roanoke, VA",1185
ROUTE,"Chicago, IL_Rochester, MN",1186
ROUTE,"Chicago, IL_Rochester, NY",1187
ROUTE,"Chicago, IL_Sacramento, CA",1188
ROUTE,"Chicago, IL_Saginaw/Bay City/Midland, MI",1189
ROUTE,"Chicago, IL_Salina, KS",1190
ROUTE,"Chicago, IL_Salt Lake City, UT",1191
ROUTE,"Chicago, IL_San Antonio, TX",1192
ROUTE,"Chicago, IL_San Diego, CA",1193
ROUTE,"Chicago, IL_San Francisco, CA",1194
ROUTE,"Chicago, IL_San Jose, CA",1195
ROUTE,"Chicago, IL_San Juan, PR",1196
ROUTE,"Chicago, IL_Santa Ana, CA",1197
ROUTE,"Chicago, IL_Santa Barbara, CA",1198
ROUTE,"Chicago, IL_Sarasota/Bradenton, FL",1199
ROUTE,"Chicago, IL_Savannah, GA",1200
ROUTE,"Chicago, IL_Scranton/Wilkes-Barre, PA",1201
ROUTE,"Chicago, IL_Seattle, WA",1202
ROUTE,"Chicago, IL_Sioux City, IA",1203
ROUTE,"Chicago, IL_Sioux Falls, SD",1204
ROUTE,"Chicago, IL_South Bend, IN",1205
ROUTE,"Chicago, IL_Spokane, WA",1206
ROUTE,"Chicago, IL_Springfield, IL",1207
ROUTE,"Chicago, IL_Springfield, MO",1208
ROUTE,"Chicago, IL_St. Louis, MO",1209
ROUTE,"Chicago, IL_State College, PA",1210
ROUTE,"Chicago, IL_Staunton, VA",1211
ROUTE,"Chicago, IL_Sun Valley/Hailey/Ketchum, ID",1212
ROUTE,"Chicago, IL_Syracuse, NY",1213
ROUTE,"Chicago, IL_Tampa, FL",1214
ROUTE,"Chicago, IL_Toledo, OH",1215
ROUTE,"Chicago, IL_Traverse City, MI",1216
ROUTE,"Chicago, IL_Trenton, NJ",1217
ROUTE,"Chicago, IL_Tucson, AZ",1218
ROUTE,"Chicago, IL_Tulsa, OK",1219
ROUTE,"Chicago, IL_Valparaiso, FL",1220
ROUTE,"Chicago, IL_Washington, DC",1221
ROUTE,"Chicago, IL_Waterloo, IA",1222
ROUTE,"Chicago, IL_Watertown, SD",1223
ROUTE,"Chicago, IL_West Palm Beach/Palm Beach, FL",1224
ROUTE,"Chicago, IL_White Plains, NY",1225
ROUTE,"Chicago, IL_Wichita, KS",1226
ROUTE,"Chicago, IL_Wilmington, NC",1227
ROUTE,"Christiansted, VI_Fort Lauderdale, FL",1228
ROUTE,"Christiansted, VI_Miami, FL",1229
ROUTE,"Christiansted, VI_San Juan, PR",1230
ROUTE,"Cincinnati, OH_Dallas/Fort Worth, TX",1231
ROUTE,"Cincinnati, OH_Denver, CO",1232
ROUTE,"Cincinnati, OH_Detroit, MI",1233
ROUTE,"Cincinnati, OH_Fort Lauderdale, FL",1234
ROUTE,"Cincinnati, OH_Fort Myers, FL",1235
ROUTE,"Cincinnati, OH_Hartford, CT",1236
ROUTE,"Cincinnati, OH_Houston, TX",1237
ROUTE,"Cincinnati, OH_Jacksonville, FL",1238
ROUTE,"Cincinnati, OH_Kansas City, MO",1239
ROUTE,"Cincinnati, OH_Key West, FL",1240
ROUTE,"Cincinnati, OH_Knoxville, TN",1241
ROUTE,"Cincinnati, OH_Las Vegas, NV",1242
ROUTE,"Cincinnati, OH_Los Angeles, CA",1243
ROUTE,"Cincinnati, OH_Miami, FL",1244
ROUTE,"Cincinnati, OH_Minneapolis, MN",1245
ROUTE,"Cincinnati, OH_Myrtle Beach, SC",1246
ROUTE,"Cincinnati, OH_New Orleans, LA",1247
ROUTE,"Cincinnati, OH_New York, NY",1248
ROUTE,"Cincinnati, OH_Newark, NJ",1249
ROUTE,"Cincinnati, OH_Norfolk, VA",1250
ROUTE,"Cincinnati, OH_Orlando, FL",1251
ROUTE,"Cincinnati, OH_Philadelphia, PA",1252
ROUTE,"Cincinnati, OH_Phoenix, AZ",1253
ROUTE,"Cincinnati, OH_Providence, RI",1254
ROUTE,"Cincinnati, OH_Punta Gorda, FL",1255
ROUTE,"Cincinnati, OH_Raleigh/Durham, NC",1256
ROUTE,"Cincinnati, OH_Salt Lake City, UT",1257
ROUTE,"Cincinnati, OH_San Diego, CA",1258
ROUTE,"Cincinnati, OH_San Francisco, CA",1259
ROUTE,"Cincinnati, OH_San Juan, PR",1260
ROUTE,"Cincinnati, OH_Sanford, FL",1261
ROUTE,"Cincinnati, OH_Sarasota/Bradenton, FL",1262
ROUTE,"Cincinnati, OH_Savannah, GA",1263
ROUTE,"Cincinnati, OH_Seattle, WA",1264
ROUTE,"Cincinnati, OH_St. Louis, MO",1265
ROUTE,"Cincinnati, OH_St. Petersburg, FL",1266
ROUTE,"Cincinnati, OH_Tampa, FL",1267
ROUTE,"Cincinnati, OH_Valparaiso, FL",1268
ROUTE,"Cincinnati, OH_Washington, DC",1269
ROUTE,"Cincinnati, OH_West Palm Beach/Palm Beach, FL",1270
ROUTE,"Clarksburg/Fairmont, WV_Johnstown, PA",1271
ROUTE,"Clarksburg/Fairmont, WV_Myrtle Beach, SC",1272
ROUTE,"Clarksburg/Fairmont, WV_Sanford, FL",1273
ROUTE,"Clarksburg/Fairmont, WV_St. Petersburg, FL",1274
ROUTE,"Clarksburg/Fairmont, WV_Valparaiso, FL",1275
ROUTE,"Clarksburg/Fairmont, WV_Washington, DC",1276
ROUTE,"Cleveland, OH_Dallas, TX",1277
ROUTE,"Cleveland, OH_Dallas/Fort Worth, TX",1278
ROUTE,"Cleveland, OH_Denver, CO",1279
ROUTE,"Cleveland, OH_Detroit, MI",1280
ROUTE,"Cleveland, OH_Fort Lauderdale, FL",1281
ROUTE,"Cleveland, OH_Fort Myers, FL",1282
ROUTE,"Cleveland, OH_Hartford, CT",1283
ROUTE,"Cleveland, OH_Houston, TX",1284
ROUTE,"Cleveland, OH_Jacksonville, FL",1285
ROUTE,"Cleveland, OH_Las Vegas, NV",1286
ROUTE,"Cleveland, OH_Los Angeles, CA",1287
ROUTE,"Cleveland, OH_Miami, FL",1288
ROUTE,"Cleveland, OH_Milwaukee, WI",1289
ROUTE,"Cleveland, OH_Minneapolis, MN",1290
ROUTE,"Cleveland, OH_Myrtle Beach, SC",1291
ROUTE,"Cleveland, OH_Nashville, TN",1292
ROUTE,"Cleveland, OH_New Orleans, LA",1293
ROUTE,"Cleveland, OH_New York, NY",1294
ROUTE,"Cleveland, OH_Newark, NJ",1295
ROUTE,"Cleveland, OH_Norfolk, VA",1296
ROUTE,"Cleveland, OH_Orlando, FL",1297
ROUTE,"Cleveland, OH_Philadelphia, PA",1298
ROUTE,"Cleveland, OH_Phoenix, AZ",1299
ROUTE,"Cleveland, OH_Punta Gorda, FL",1300
ROUTE,"Cleveland, OH_Raleigh/Durham, NC",1301
ROUTE,"Cleveland, OH_Salt Lake City, UT",1302
ROUTE,"Cleveland, OH_San Diego, CA",1303
ROUTE,"Cleveland, OH_San Francisco, CA",1304
ROUTE,"Cleveland, OH_San Juan, PR",1305
ROUTE,"Cleveland, OH_Sanford, FL",1306
ROUTE,"Cleveland, OH_Sarasota/Bradenton, FL",1307
ROUTE,"Cleveland, OH_Savannah, GA",1308
ROUTE,"Cleveland, OH_Seattle, WA",1309
ROUTE,"Cleveland, OH_St. Louis, MO",1310
ROUTE,"Cleveland, OH_St. Petersburg, FL",1311
ROUTE,"Cleveland, OH_Tampa, FL",1312
ROUTE,"Cleveland, OH_Valparaiso, FL",1313
ROUTE,"Cleveland, OH_Washington, DC",1314
ROUTE,"Cleveland, OH_West Palm Beach/Palm Beach, FL",1315
ROUTE,"Cleveland, OH_Worcester, MA",1316
ROUTE,"Cody, WY_Denver, CO",1317
ROUTE,"Cody, WY_Salt Lake City, UT",1318
ROUTE,"College Station/Bryan, TX_Dallas/Fort Worth, TX",1319
ROUTE,"College Station/Bryan, TX_Houston, TX",1320
ROUTE,"Colorado Springs, CO_Dallas, TX",1321
ROUTE,"Colorado Springs, CO_Dallas/Fort Worth, TX",1322
ROUTE,"Colorado Springs, CO_Denver, CO",1323
ROUTE,"Colorado Springs, CO_Houston, TX",1324
ROUTE,"Colorado Springs, CO_Las Vegas, NV",1325
ROUTE,"Colorado Springs, CO_Long Beach, CA",1326
ROUTE,"Colorado Springs, CO_Los Angeles, CA",1327
ROUTE,"Colorado Springs, CO_Minneapolis, MN",1328
ROUTE,"Colorado Springs, CO_Orlando, FL",1329
ROUTE,"Colorado Springs, CO_Phoenix, AZ",1330
ROUTE,"Colorado Springs, CO_Salt Lake City, UT",1331
ROUTE,"Colorado Springs, CO_San Antonio, TX",1332
ROUTE,"Colorado Springs, CO_San Diego, CA",1333
ROUTE,"Colorado Springs, CO_Washington, DC",1334
ROUTE,"Columbia, MO_Dallas/Fort Worth, TX",1335
ROUTE,"Columbia, MO_Denver, CO",1336
ROUTE,"Columbia, SC_Dallas/Fort Worth, TX",1337
ROUTE,"Columbia, SC_Houston, TX",1338
ROUTE,"Columbia, SC_Miami, FL",1339
ROUTE,"Columbia, SC_New York, NY",1340
ROUTE,"Columbia, SC_Philadelphia, PA",1341
ROUTE,"Columbia, SC_Washington, DC",1342
ROUTE,"Columbus, GA_Dallas/Fort Worth, TX",1343
ROUTE,"Columbus, OH_Dallas, TX",1344
ROUTE,"Columbus, OH_Dallas/Fort Worth, TX",1345
ROUTE,"Columbus, OH_Denver, CO",1346
ROUTE,"Columbus, OH_Detroit, MI",1347
ROUTE,"Columbus, OH_Fort Lauderdale, FL",1348
ROUTE,"Columbus, OH_Fort Myers, FL",1349
ROUTE,"Columbus, OH_Houston, TX",1350
ROUTE,"Columbus, OH_Jacksonville, FL",1351
ROUTE,"Columbus, OH_Las Vegas, NV",1352
ROUTE,"Columbus, OH_Los Angeles, CA",1353
ROUTE,"Columbus, OH_Miami, FL",1354
ROUTE,"Columbus, OH_Minneapolis, MN",1355
ROUTE,"Columbus, OH_Myrtle Beach, SC",1356
ROUTE,"Columbus, OH_Nashville, TN",1357
ROUTE,"Columbus, OH_New Orleans, LA",1358
ROUTE,"Columbus, OH_New York, NY",1359
ROUTE,"Columbus, OH_Newark, NJ",1360
ROUTE,"Columbus, OH_Norfolk, VA",1361
ROUTE,"Columbus, OH_Oakland, CA",1362
ROUTE,"Columbus, OH_Orlando, FL",1363
ROUTE,"Columbus, OH_Panama City, FL",1364
ROUTE,"Columbus, OH_Pensacola, FL",1365
ROUTE,"Columbus, OH_Philadelphia, PA",1366
ROUTE,"Columbus, OH_Phoenix, AZ",1367
ROUTE,"Columbus, OH_Punta Gorda, FL",1368
ROUTE,"Columbus, OH_Raleigh/Durham, NC",1369
ROUTE,"Columbus, OH_Salt Lake City, UT",1370
ROUTE,"Columbus, OH_San Francisco, CA",1371
ROUTE,"Columbus, OH_Sanford, FL",1372
ROUTE,"Columbus, OH_Sarasota/Bradenton, FL",1373
ROUTE,"Columbus, OH_Savannah, GA",1374
ROUTE,"Columbus, OH_Seattle, WA",1375
ROUTE,"Columbus, OH_St. Louis, MO",1376
ROUTE,"Columbus, OH_St. Petersburg, FL",1377
ROUTE,"Columbus, OH_Tampa, FL",1378
ROUTE,"Columbus, OH_Valparaiso, FL",1379
ROUTE,"Columbus, OH_Washington, DC",1380
ROUTE,"Columbus, OH_West Palm Beach/Palm Beach, FL",1381
ROUTE,"Concord, NC_Fort Lauderdale, FL",1382
ROUTE,"Concord, NC_Melbourne, FL",1383
ROUTE,"Concord, NC_New Orleans, LA",1384
ROUTE,"Concord, NC_Punta Gorda, FL",1385
ROUTE,"Concord, NC_Sanford, FL",1386
ROUTE,"Concord, NC_Sarasota/Bradenton, FL",1387
ROUTE,"Concord, NC_St. Petersburg, FL",1388
ROUTE,"Concord, NC_Valparaiso, FL",1389
ROUTE,"Concord, NC_West Palm Beach/Palm Beach, FL",1390
ROUTE,"Cordova, AK_Yakutat, AK",1391
ROUTE,"Corpus Christi, TX_Dallas, TX",1392
ROUTE,"Corpus Christi, TX_Dallas/Fort Worth, TX",1393
ROUTE,"Corpus Christi, TX_Houston, TX",1394
ROUTE,"Dallas, TX_Denver, CO",1395
ROUTE,"Dallas, TX_Detroit, MI",1396
ROUTE,"Dallas, TX_El Paso, TX",1397
ROUTE,"Dallas, TX_Fort Lauderdale, FL",1398
ROUTE,"Dallas, TX_Fort Myers, FL",1399
ROUTE,"Dallas, TX_Harlingen/San Benito, TX",1400
ROUTE,"Dallas, TX_Hayden, CO",1401
ROUTE,"Dallas, TX_Houston, TX",1402
ROUTE,"Dallas, TX_Indianapolis, IN",1403
ROUTE,"Dallas, TX_Jacksonville, FL",1404
ROUTE,"Dallas, TX_Kansas City, MO",1405
ROUTE,"Dallas, TX_Las Vegas, NV",1406
ROUTE,"Dallas, TX_Little Rock, AR",1407
ROUTE,"Dallas, TX_Long Beach, CA",1408
ROUTE,"Dallas, TX_Los Angeles, CA",1409
ROUTE,"Dallas, TX_Louisville, KY",1410
ROUTE,"Dallas, TX_Lubbock, TX",1411
ROUTE,"Dallas, TX_Memphis, TN",1412
ROUTE,"Dallas, TX_Miami, FL",1413
ROUTE,"Dallas, TX_Midland/Odessa, TX",1414
ROUTE,"Dallas, TX_Milwaukee, WI",1415
ROUTE,"Dallas, TX_Minneapolis, MN",1416
ROUTE,"Dallas, TX_Montrose/Delta, CO",1417
ROUTE,"Dallas, TX_Myrtle Beach, SC",1418
ROUTE,"Dallas, TX_Nashville, TN",1419
ROUTE,"Dallas, TX_New Orleans, LA",1420
ROUTE,"Dallas, TX_New York, NY",1421
ROUTE,"Dallas, TX_Norfolk, VA",1422
ROUTE,"Dallas, TX_Oakland, CA",1423
ROUTE,"Dallas, TX_Oklahoma City, OK",1424
ROUTE,"Dallas, TX_Omaha, NE",1425
ROUTE,"Dallas, TX_Ontario, CA",1426
ROUTE,"Dallas, TX_Orlando, FL",1427
ROUTE,"Dallas, TX_Palm Springs, CA",1428
ROUTE,"Dallas, TX_Panama City, FL",1429
ROUTE,"Dallas, TX_Pensacola, FL",1430
ROUTE,"Dallas, TX_Philadelphia, PA",1431
ROUTE,"Dallas, TX_Phoenix, AZ",1432
ROUTE,"Dallas, TX_Pittsburgh, PA",1433
ROUTE,"Dallas, TX_Portland, OR",1434
ROUTE,"Dallas, TX_Raleigh/Durham, NC",1435
ROUTE,"Dallas, TX_Reno, NV",1436
ROUTE,"Dallas, TX_Sacramento, CA",1437
ROUTE,"Dallas, TX_Salt Lake City, UT",1438
ROUTE,"Dallas, TX_San Antonio, TX",1439
ROUTE,"Dallas, TX_San Diego, CA",1440
ROUTE,"Dallas, TX_San Francisco, CA",1441
ROUTE,"Dallas, TX_San Jose, CA",1442
ROUTE,"Dallas, TX_Santa Ana, CA",1443
ROUTE,"Dallas, TX_Sarasota/Bradenton, FL",1444
ROUTE,"Dallas, TX_Savannah, GA",1445
ROUTE,"Dallas, TX_Seattle, WA",1446
ROUTE,"Dallas, TX_St. Louis, MO",1447
ROUTE,"Dallas, TX_Tampa, FL",1448
ROUTE,"Dallas, TX_Tucson, AZ",1449
ROUTE,"Dallas, TX_Tulsa, OK",1450
ROUTE,"Dallas, TX_Valparaiso, FL",1451
ROUTE,"Dallas, TX_Washington, DC",1452
ROUTE,"Dallas, TX_West Palm Beach/Palm Beach, FL",1453
ROUTE,"Dallas/Fort Worth, TX_Dayton, OH",1454
ROUTE,"Dallas/Fort Worth, TX_Daytona Beach, FL",1455
ROUTE,"Dallas/Fort Worth, TX_Del Rio, TX",1456
ROUTE,"Dallas/Fort Worth, TX_Denver, CO",1457
ROUTE,"Dallas/Fort Worth, TX_Des Moines, IA",1458
ROUTE,"Dallas/Fort Worth, TX_Detroit, MI",1459
ROUTE,"Dallas/Fort Worth, TX_Durango, CO",1460
ROUTE,"Dallas/Fort Worth, TX_Eagle, CO",1461
ROUTE,"Dallas/Fort Worth, TX_El Paso, TX",1462
ROUTE,"Dallas/Fort Worth, TX_Eugene, OR",1463
ROUTE,"Dallas/Fort Worth, TX_Evansville, IN",1464
ROUTE,"Dallas/Fort Worth, TX_Fairbanks, AK",1465
ROUTE,"Dallas/Fort Worth, TX_Fargo, ND",1466
ROUTE,"Dallas/Fort Worth, TX_Fayetteville, AR",1467
ROUTE,"Dallas/Fort Worth, TX_Fayetteville, NC",1468
ROUTE,"Dallas/Fort Worth, TX_Flagstaff, AZ",1469
ROUTE,"Dallas/Fort Worth, TX_Fort Lauderdale, FL",1470
ROUTE,"Dallas/Fort Worth, TX_Fort Myers, FL",1471
ROUTE,"Dallas/Fort Worth, TX_Fort Smith, AR",1472
ROUTE,"Dallas/Fort Worth, TX_Fort Wayne, IN",1473
ROUTE,"Dallas/Fort Worth, TX_Fresno, CA",1474
ROUTE,"Dallas/Fort Worth, TX_Gainesville, FL",1475
ROUTE,"Dallas/Fort Worth, TX_Garden City, KS",1476
ROUTE,"Dallas/Fort Worth, TX_Grand Island, NE",1477
ROUTE,"Dallas/Fort Worth, TX_Grand Junction, CO",1478
ROUTE,"Dallas/Fort Worth, TX_Grand Rapids, MI",1479
ROUTE,"Dallas/Fort Worth, TX_Green Bay, WI",1480
ROUTE,"Dallas/Fort Worth, TX_Greensboro/High Point, NC",1481
ROUTE,"Dallas/Fort Worth, TX_Greer, SC",1482
ROUTE,"Dallas/Fort Worth, TX_Gulfport/Biloxi, MS",1483
ROUTE,"Dallas/Fort Worth, TX_Gunnison, CO",1484
ROUTE,"Dallas/Fort Worth, TX_Harlingen/San Benito, TX",1485
ROUTE,"Dallas/Fort Worth, TX_Harrisburg, PA",1486
ROUTE,"Dallas/Fort Worth, TX_Hartford, CT",1487
ROUTE,"Dallas/Fort Worth, TX_Hattiesburg/Laurel, MS",1488
ROUTE,"Dallas/Fort Worth, TX_Hayden, CO",1489
ROUTE,"Dallas/Fort Worth, TX_Hilton Head, SC",1490
ROUTE,"Dallas/Fort Worth, TX_Honolulu, HI",1491
ROUTE,"Dallas/Fort Worth, TX_Houston, TX",1492
ROUTE,"Dallas/Fort Worth, TX_Huntsville, AL",1493
ROUTE,"Dallas/Fort Worth, TX_Idaho Falls, ID",1494
ROUTE,"Dallas/Fort Worth, TX_Indianapolis, IN",1495
ROUTE,"Dallas/Fort Worth, TX_Jackson, WY",1496
ROUTE,"Dallas/Fort Worth, TX_Jackson/Vicksburg, MS",1497
ROUTE,"Dallas/Fort Worth, TX_Jacksonville, FL",1498
ROUTE,"Dallas/Fort Worth, TX_Joplin, MO",1499
ROUTE,"Dallas/Fort Worth, TX_Kahului, HI",1500
ROUTE,"Dallas/Fort Worth, TX_Kalispell, MT",1501
ROUTE,"Dallas/Fort Worth, TX_Kansas City, MO",1502
ROUTE,"Dallas/Fort Worth, TX_Key West, FL",1503
ROUTE,"Dallas/Fort Worth, TX_Killeen, TX",1504
ROUTE,"Dallas/Fort Worth, TX_Knoxville, TN",1505
ROUTE,"Dallas/Fort Worth, TX_Kona, HI",1506
ROUTE,"Dallas/Fort Worth, TX_Lafayette, LA",1507
ROUTE,"Dallas/Fort Worth, TX_Lake Charles, LA",1508
ROUTE,"Dallas/Fort Worth, TX_Laredo, TX",1509
ROUTE,"Dallas/Fort Worth, TX_Las Vegas, NV",1510
ROUTE,"Dallas/Fort Worth, TX_Lawton/Fort Sill, OK",1511
ROUTE,"Dallas/Fort Worth, TX_Lexington, KY",1512
ROUTE,"Dallas/Fort Worth, TX_Little Rock, AR",1513
ROUTE,"Dallas/Fort Worth, TX_Long Beach, CA",1514
ROUTE,"Dallas/Fort Worth, TX_Longview, TX",1515
ROUTE,"Dallas/Fort Worth, TX_Los Angeles, CA",1516
ROUTE,"Dallas/Fort Worth, TX_Louisville, KY",1517
ROUTE,"Dallas/Fort Worth, TX_Lubbock, TX",1518
ROUTE,"Dallas/Fort Worth, TX_Madison, WI",1519
ROUTE,"Dallas/Fort Worth, TX_Manhattan/Ft. Riley, KS",1520
ROUTE,"Dallas/Fort Worth, TX_Melbourne, FL",1521
ROUTE,"Dallas/Fort Worth, TX_Memphis, TN",1522
ROUTE,"Dallas/Fort Worth, TX_Meridian, MS",1523
ROUTE,"Dallas/Fort Worth, TX_Miami, FL",1524
ROUTE,"Dallas/Fort Worth, TX_Midland/Odessa, TX",1525
ROUTE,"Dallas/Fort Worth, TX_Milwaukee, WI",1526
ROUTE,"Dallas/Fort Worth, TX_Minneapolis, MN",1527
ROUTE,"Dallas/Fort Worth, TX_Mission/McAllen/Edinburg, TX",1528
ROUTE,"Dallas/Fort Worth, TX_Missoula, MT",1529
ROUTE,"Dallas/Fort Worth, TX_Mobile, AL",1530
ROUTE,"Dallas/Fort Worth, TX_Moline, IL",1531
ROUTE,"Dallas/Fort Worth, TX_Monroe, LA",1532
ROUTE,"Dallas/Fort Worth, TX_Monterey, CA",1533
ROUTE,"Dallas/Fort Worth, TX_Montgomery, AL",1534
ROUTE,"Dallas/Fort Worth, TX_Montrose/Delta, CO",1535
ROUTE,"Dallas/Fort Worth, TX_Myrtle Beach, SC",1536
ROUTE,"Dallas/Fort Worth, TX_Nashville, TN",1537
ROUTE,"Dallas/Fort Worth, TX_New Orleans, LA",1538
ROUTE,"Dallas/Fort Worth, TX_New York, NY",1539
ROUTE,"Dallas/Fort Worth, TX_Newark, NJ",1540
ROUTE,"Dallas/Fort Worth, TX_Norfolk, VA",1541
ROUTE,"Dallas/Fort Worth, TX_Oakland, CA",1542
ROUTE,"Dallas/Fort Worth, TX_Oklahoma City, OK",1543
ROUTE,"Dallas/Fort Worth, TX_Omaha, NE",1544
ROUTE,"Dallas/Fort Worth, TX_Ontario, CA",1545
ROUTE,"Dallas/Fort Worth, TX_Orlando, FL",1546
ROUTE,"Dallas/Fort Worth, TX_Palm Springs, CA",1547
ROUTE,"Dallas/Fort Worth, TX_Panama City, FL",1548
ROUTE,"Dallas/Fort Worth, TX_Pensacola, FL",1549
ROUTE,"Dallas/Fort Worth, TX_Peoria, IL",1550
ROUTE,"Dallas/Fort Worth, TX_Philadelphia, PA",1551
ROUTE,"Dallas/Fort Worth, TX_Phoenix, AZ",1552
ROUTE,"Dallas/Fort Worth, TX_Pittsburgh, PA",1553
ROUTE,"Dallas/Fort Worth, TX_Portland, ME",1554
ROUTE,"Dallas/Fort Worth, TX_Portland, OR",1555
ROUTE,"Dallas/Fort Worth, TX_Raleigh/Durham, NC",1556
ROUTE,"Dallas/Fort Worth, TX_Rapid City, SD",1557
ROUTE,"Dallas/Fort Worth, TX_Reno, NV",1558
ROUTE,"Dallas/Fort Worth, TX_Richmond, VA",1559
ROUTE,"Dallas/Fort Worth, TX_Rochester, NY",1560
ROUTE,"Dallas/Fort Worth, TX_Roswell, NM",1561
ROUTE,"Dallas/Fort Worth, TX_Sacramento, CA",1562
ROUTE,"Dallas/Fort Worth, TX_Salt Lake City, UT",1563
ROUTE,"Dallas/Fort Worth, TX_San Angelo, TX",1564
ROUTE,"Dallas/Fort Worth, TX_San Antonio, TX",1565
ROUTE,"Dallas/Fort Worth, TX_San Diego, CA",1566
ROUTE,"Dallas/Fort Worth, TX_San Francisco, CA",1567
ROUTE,"Dallas/Fort Worth, TX_San Jose, CA",1568
ROUTE,"Dallas/Fort Worth, TX_San Juan, PR",1569
ROUTE,"Dallas/Fort Worth, TX_San Luis Obispo, CA",1570
ROUTE,"Dallas/Fort Worth, TX_Santa Ana, CA",1571
ROUTE,"Dallas/Fort Worth, TX_Santa Barbara, CA",1572
ROUTE,"Dallas/Fort Worth, TX_Santa Fe, NM",1573
ROUTE,"Dallas/Fort Worth, TX_Santa Rosa, CA",1574
ROUTE,"Dallas/Fort Worth, TX_Sarasota/Bradenton, FL",1575
ROUTE,"Dallas/Fort Worth, TX_Savannah, GA",1576
ROUTE,"Dallas/Fort Worth, TX_Seattle, WA",1577
ROUTE,"Dallas/Fort Worth, TX_Shreveport, LA",1578
ROUTE,"Dallas/Fort Worth, TX_Sioux City, IA",1579
ROUTE,"Dallas/Fort Worth, TX_Sioux Falls, SD",1580
ROUTE,"Dallas/Fort Worth, TX_South Bend, IN",1581
ROUTE,"Dallas/Fort Worth, TX_Spokane, WA",1582
ROUTE,"Dallas/Fort Worth, TX_Springfield, IL",1583
ROUTE,"Dallas/Fort Worth, TX_Springfield, MO",1584
ROUTE,"Dallas/Fort Worth, TX_St. George, UT",1585
ROUTE,"Dallas/Fort Worth, TX_St. Louis, MO",1586
ROUTE,"Dallas/Fort Worth, TX_Stillwater, OK",1587
ROUTE,"Dallas/Fort Worth, TX_Syracuse, NY",1588
ROUTE,"Dallas/Fort Worth, TX_Tallahassee, FL",1589
ROUTE,"Dallas/Fort Worth, TX_Tampa, FL",1590
ROUTE,"Dallas/Fort Worth, TX_Texarkana, AR",1591
ROUTE,"Dallas/Fort Worth, TX_Traverse City, MI",1592
ROUTE,"Dallas/Fort Worth, TX_Tucson, AZ",1593
ROUTE,"Dallas/Fort Worth, TX_Tulsa, OK",1594
ROUTE,"Dallas/Fort Worth, TX_Tyler, TX",1595
ROUTE,"Dallas/Fort Worth, TX_Valparaiso, FL",1596
ROUTE,"Dallas/Fort Worth, TX_Waco, TX",1597
ROUTE,"Dallas/Fort Worth, TX_Washington, DC",1598
ROUTE,"Dallas/Fort Worth, TX_West Palm Beach/Palm Beach, FL",1599
ROUTE,"Dallas/Fort Worth, TX_Wichita Falls, TX",1600
ROUTE,"Dallas/Fort Worth, TX_Wichita, KS",1601
ROUTE,"Dallas/Fort Worth, TX_Wilmington, NC",1602
ROUTE,"Dallas/Fort Worth, TX_Yuma, AZ",1603
ROUTE,"Dayton, OH_Denver, CO",1604
ROUTE,"Dayton, OH_Detroit, MI",1605
ROUTE,"Dayton, OH_Houston, TX",1606
ROUTE,"Dayton, OH_Minneapolis, MN",1607
ROUTE,"Dayton, OH_New York, NY",1608
ROUTE,"Dayton, OH_Newark, NJ",1609
ROUTE,"Dayton, OH_Orlando, FL",1610
ROUTE,"Dayton, OH_Philadelphia, PA",1611
ROUTE,"Dayton, OH_Punta Gorda, FL",1612
ROUTE,"Dayton, OH_Sanford, FL",1613
ROUTE,"Dayton, OH_St. Petersburg, FL",1614
ROUTE,"Dayton, OH_Valparaiso, FL",1615
ROUTE,"Dayton, OH_Washington, DC",1616
ROUTE,"Daytona Beach, FL_Detroit, MI",1617
ROUTE,"Daytona Beach, FL_New York, NY",1618
ROUTE,"Daytona Beach, FL_Philadelphia, PA",1619
ROUTE,"Daytona Beach, FL_Washington, DC",1620
ROUTE,"Deadhorse, AK_Fairbanks, AK",1621
ROUTE,"Decatur, IL_Fort Leonard Wood, MO",1622
ROUTE,"Decatur, IL_Joplin, MO",1623
ROUTE,"Decatur, IL_Paducah, KY",1624
ROUTE,"Decatur, IL_Springfield, IL",1625
ROUTE,"Denver, CO_Des Moines, IA",1626
ROUTE,"Denver, CO_Detroit, MI",1627
ROUTE,"Denver, CO_Devils Lake, ND",1628
ROUTE,"Denver, CO_Dickinson, ND",1629
ROUTE,"Denver, CO_Dodge City, KS",1630
ROUTE,"Denver, CO_Durango, CO",1631
ROUTE,"Denver, CO_Eagle, CO",1632
ROUTE,"Denver, CO_El Paso, TX",1633
ROUTE,"Denver, CO_Eugene, OR",1634
ROUTE,"Denver, CO_Everett, WA",1635
ROUTE,"Denver, CO_Fairbanks, AK",1636
ROUTE,"Denver, CO_Fargo, ND",1637
ROUTE,"Denver, CO_Fayetteville, AR",1638
ROUTE,"Denver, CO_Flagstaff, AZ",1639
ROUTE,"Denver, CO_Fort Dodge, IA",1640
ROUTE,"Denver, CO_Fort Lauderdale, FL",1641
ROUTE,"Denver, CO_Fort Myers, FL",1642
ROUTE,"Denver, CO_Fresno, CA",1643
ROUTE,"Denver, CO_Gillette, WY",1644
ROUTE,"Denver, CO_Grand Junction, CO",1645
ROUTE,"Denver, CO_Grand Rapids, MI",1646
ROUTE,"Denver, CO_Great Falls, MT",1647
ROUTE,"Denver, CO_Green Bay, WI",1648
ROUTE,"Denver, CO_Greer, SC",1649
ROUTE,"Denver, CO_Gunnison, CO",1650
ROUTE,"Denver, CO_Harlingen/San Benito, TX",1651
ROUTE,"Denver, CO_Harrisburg, PA",1652
ROUTE,"Denver, CO_Hartford, CT",1653
ROUTE,"Denver, CO_Hayden, CO",1654
ROUTE,"Denver, CO_Hays, KS",1655
ROUTE,"Denver, CO_Helena, MT",1656
ROUTE,"Denver, CO_Hobbs, NM",1657
ROUTE,"Denver, CO_Honolulu, HI",1658
ROUTE,"Denver, CO_Houston, TX",1659
ROUTE,"Denver, CO_Huntsville, AL",1660
ROUTE,"Denver, CO_Idaho Falls, ID",1661
ROUTE,"Denver, CO_Indianapolis, IN",1662
ROUTE,"Denver, CO_Jackson, WY",1663
ROUTE,"Denver, CO_Jackson/Vicksburg, MS",1664
ROUTE,"Denver, CO_Jacksonville, FL",1665
ROUTE,"Denver, CO_Jamestown, ND",1666
ROUTE,"Denver, CO_Joplin, MO",1667
ROUTE,"Denver, CO_Kahului, HI",1668
ROUTE,"Denver, CO_Kalispell, MT",1669
ROUTE,"Denver, CO_Kansas City, MO",1670
ROUTE,"Denver, CO_Kearney, NE",1671
ROUTE,"Denver, CO_Knoxville, TN",1672
ROUTE,"Denver, CO_Kona, HI",1673
ROUTE,"Denver, CO_Lafayette, LA",1674
ROUTE,"Denver, CO_Laramie, WY",1675
ROUTE,"Denver, CO_Las Vegas, NV",1676
ROUTE,"Denver, CO_Lewiston, ID",1677
ROUTE,"Denver, CO_Liberal, KS",1678
ROUTE,"Denver, CO_Lihue, HI",1679
ROUTE,"Denver, CO_Lincoln, NE",1680
ROUTE,"Denver, CO_Little Rock, AR",1681
ROUTE,"Denver, CO_Long Beach, CA",1682
ROUTE,"Denver, CO_Los Angeles, CA",1683
ROUTE,"Denver, CO_Louisville, KY",1684
ROUTE,"Denver, CO_Lubbock, TX",1685
ROUTE,"Denver, CO_Madison, WI",1686
ROUTE,"Denver, CO_Mammoth Lakes, CA",1687
ROUTE,"Denver, CO_Medford, OR",1688
ROUTE,"Denver, CO_Memphis, TN",1689
ROUTE,"Denver, CO_Miami, FL",1690
ROUTE,"Denver, CO_Midland/Odessa, TX",1691
ROUTE,"Denver, CO_Milwaukee, WI",1692
ROUTE,"Denver, CO_Minneapolis, MN",1693
ROUTE,"Denver, CO_Minot, ND",1694
ROUTE,"Denver, CO_Missoula, MT",1695
ROUTE,"Denver, CO_Moab, UT",1696
ROUTE,"Denver, CO_Mobile, AL",1697
ROUTE,"Denver, CO_Moline, IL",1698
ROUTE,"Denver, CO_Monterey, CA",1699
ROUTE,"Denver, CO_Montrose/Delta, CO",1700
ROUTE,"Denver, CO_Myrtle Beach, SC",1701
ROUTE,"Denver, CO_Nashville, TN",1702
ROUTE,"Denver, CO_New Orleans, LA",1703
ROUTE,"Denver, CO_New York, NY",1704
ROUTE,"Denver, CO_Newark, NJ",1705
ROUTE,"Denver, CO_Norfolk, VA",1706
ROUTE,"Denver, CO_North Bend/Coos Bay, OR",1707
ROUTE,"Denver, CO_North Platte, NE",1708
ROUTE,"Denver, CO_Oakland, CA",1709
ROUTE,"Denver, CO_Oklahoma City, OK",1710
ROUTE,"Denver, CO_Omaha, NE",1711
ROUTE,"Denver, CO_Ontario, CA",1712
ROUTE,"Denver, CO_Orlando, FL",1713
ROUTE,"Denver, CO_Palm Springs, CA",1714
ROUTE,"Denver, CO_Panama City, FL",1715
ROUTE,"Denver, CO_Pasco/Kennewick/Richland, WA",1716
ROUTE,"Denver, CO_Pensacola, FL",1717
ROUTE,"Denver, CO_Peoria, IL",1718
ROUTE,"Denver, CO_Philadelphia, PA",1719
ROUTE,"Denver, CO_Phoenix, AZ",1720
ROUTE,"Denver, CO_Pierre, SD",1721
ROUTE,"Denver, CO_Pittsburgh, PA",1722
ROUTE,"Denver, CO_Portland, ME",1723
ROUTE,"Denver, CO_Portland, OR",1724
ROUTE,"Denver, CO_Prescott, AZ",1725
ROUTE,"Denver, CO_Providence, RI",1726
ROUTE,"Denver, CO_Provo, UT",1727
ROUTE,"Denver, CO_Pueblo, CO",1728
ROUTE,"Denver, CO_Raleigh/Durham, NC",1729
ROUTE,"Denver, CO_Rapid City, SD",1730
ROUTE,"Denver, CO_Reno, NV",1731
ROUTE,"Denver, CO_Richmond, VA",1732
ROUTE,"Denver, CO_Riverton/Lander, WY",1733
ROUTE,"Denver, CO_Rochester, MN",1734
ROUTE,"Denver, CO_Rochester, NY",1735
ROUTE,"Denver, CO_Rock Springs, WY",1736
ROUTE,"Denver, CO_Sacramento, CA",1737
ROUTE,"Denver, CO_Salina, KS",1738
ROUTE,"Denver, CO_Salt Lake City, UT",1739
ROUTE,"Denver, CO_San Antonio, TX",1740
ROUTE,"Denver, CO_San Diego, CA",1741
ROUTE,"Denver, CO_San Francisco, CA",1742
ROUTE,"Denver, CO_San Jose, CA",1743
ROUTE,"Denver, CO_San Luis Obispo, CA",1744
ROUTE,"Denver, CO_Santa Ana, CA",1745
ROUTE,"Denver, CO_Santa Barbara, CA",1746
ROUTE,"Denver, CO_Santa Fe, NM",1747
ROUTE,"Denver, CO_Santa Rosa, CA",1748
ROUTE,"Denver, CO_Sarasota/Bradenton, FL",1749
ROUTE,"Denver, CO_Savannah, GA",1750
ROUTE,"Denver, CO_Scottsbluff, NE",1751
ROUTE,"Denver, CO_Seattle, WA",1752
ROUTE,"Denver, CO_Sheridan, WY",1753
ROUTE,"Denver, CO_Shreveport, LA",1754
ROUTE,"Denver, CO_Sioux City, IA",1755
ROUTE,"Denver, CO_Sioux Falls, SD",1756
ROUTE,"Denver, CO_Spokane, WA",1757
ROUTE,"Denver, CO_Springfield, MO",1758
ROUTE,"Denver, CO_St. George, UT",1759
ROUTE,"Denver, CO_St. Louis, MO",1760
ROUTE,"Denver, CO_Sun Valley/Hailey/Ketchum, ID",1761
ROUTE,"Denver, CO_Syracuse, NY",1762
ROUTE,"Denver, CO_Tampa, FL",1763
ROUTE,"Denver, CO_Traverse City, MI",1764
ROUTE,"Denver, CO_Tucson, AZ",1765
ROUTE,"Denver, CO_Tulsa, OK",1766
ROUTE,"Denver, CO_Twin Falls, ID",1767
ROUTE,"Denver, CO_Tyler, TX",1768
ROUTE,"Denver, CO_Valparaiso, FL",1769
ROUTE,"Denver, CO_Vernal, UT",1770
ROUTE,"Denver, CO_Washington, DC",1771
ROUTE,"Denver, CO_Watertown, SD",1772
ROUTE,"Denver, CO_West Palm Beach/Palm Beach, FL",1773
ROUTE,"Denver, CO_West Yellowstone, MT",1774
ROUTE,"Denver, CO_Wichita, KS",1775
ROUTE,"Denver, CO_Williston, ND",1776
ROUTE,"Des Moines, IA_Detroit, MI",1777
ROUTE,"Des Moines, IA_Fort Lauderdale, FL",1778
ROUTE,"Des Moines, IA_Houston, TX",1779
ROUTE,"Des Moines, IA_Las Vegas, NV",1780
ROUTE,"Des Moines, IA_Los Angeles, CA",1781
ROUTE,"Des Moines, IA_Miami, FL",1782
ROUTE,"Des Moines, IA_Minneapolis, MN",1783
ROUTE,"Des Moines, IA_Nashville, TN",1784
ROUTE,"Des Moines, IA_New York, NY",1785
ROUTE,"Des Moines, IA_Newark, NJ",1786
ROUTE,"Des Moines, IA_Orlando, FL",1787
ROUTE,"Des Moines, IA_Palm Springs, CA",1788
ROUTE,"Des Moines, IA_Philadelphia, PA",1789
ROUTE,"Des Moines, IA_Phoenix, AZ",1790
ROUTE,"Des Moines, IA_Portland, OR",1791
ROUTE,"Des Moines, IA_Punta Gorda, FL",1792
ROUTE,"Des Moines, IA_Salt Lake City, UT",1793
ROUTE,"Des Moines, IA_San Diego, CA",1794
ROUTE,"Des Moines, IA_Sanford, FL",1795
ROUTE,"Des Moines, IA_Santa Ana, CA",1796
ROUTE,"Des Moines, IA_Sarasota/Bradenton, FL",1797
ROUTE,"Des Moines, IA_St. Louis, MO",1798
ROUTE,"Des Moines, IA_St. Petersburg, FL",1799
ROUTE,"Des Moines, IA_Valparaiso, FL",1800
ROUTE,"Des Moines, IA_Washington, DC",1801
ROUTE,"Detroit, MI_Elmira/Corning, NY",1802
ROUTE,"Detroit, MI_Erie, PA",1803
ROUTE,"Detroit, MI_Escanaba, MI",1804
ROUTE,"Detroit, MI_Evansville, IN",1805
ROUTE,"Detroit, MI_Fort Lauderdale, FL",1806
ROUTE,"Detroit, MI_Fort Myers, FL",1807
ROUTE,"Detroit, MI_Fort Wayne, IN",1808
ROUTE,"Detroit, MI_Grand Rapids, MI",1809
ROUTE,"Detroit, MI_Green Bay, WI",1810
ROUTE,"Detroit, MI_Greensboro/High Point, NC",1811
ROUTE,"Detroit, MI_Greer, SC",1812
ROUTE,"Detroit, MI_Harrisburg, PA",1813
ROUTE,"Detroit, MI_Hartford, CT",1814
ROUTE,"Detroit, MI_Honolulu, HI",1815
ROUTE,"Detroit, MI_Houston, TX",1816
ROUTE,"Detroit, MI_Huntsville, AL",1817
ROUTE,"Detroit, MI_Indianapolis, IN",1818
ROUTE,"Detroit, MI_Iron Mountain/Kingsfd, MI",1819
ROUTE,"Detroit, MI_Ithaca/Cortland, NY",1820
ROUTE,"Detroit, MI_Jackson, WY",1821
ROUTE,"Detroit, MI_Jacksonville, FL",1822
ROUTE,"Detroit, MI_Kalamazoo, MI",1823
ROUTE,"Detroit, MI_Kansas City, MO",1824
ROUTE,"Detroit, MI_Knoxville, TN",1825
ROUTE,"Detroit, MI_La Crosse, WI",1826
ROUTE,"Detroit, MI_Lansing, MI",1827
ROUTE,"Detroit, MI_Las Vegas, NV",1828
ROUTE,"Detroit, MI_Lexington, KY",1829
ROUTE,"Detroit, MI_Little Rock, AR",1830
ROUTE,"Detroit, MI_Los Angeles, CA",1831
ROUTE,"Detroit, MI_Louisville, KY",1832
ROUTE,"Detroit, MI_Madison, WI",1833
ROUTE,"Detroit, MI_Manchester, NH",1834
ROUTE,"Detroit, MI_Marquette, MI",1835
ROUTE,"Detroit, MI_Memphis, TN",1836
ROUTE,"Detroit, MI_Miami, FL",1837
ROUTE,"Detroit, MI_Milwaukee, WI",1838
ROUTE,"Detroit, MI_Minneapolis, MN",1839
ROUTE,"Detroit, MI_Moline, IL",1840
ROUTE,"Detroit, MI_Mosinee, WI",1841
ROUTE,"Detroit, MI_Myrtle Beach, SC",1842
ROUTE,"Detroit, MI_Nashville, TN",1843
ROUTE,"Detroit, MI_New Orleans, LA",1844
ROUTE,"Detroit, MI_New York, NY",1845
ROUTE,"Detroit, MI_Newark, NJ",1846
ROUTE,"Detroit, MI_Newburgh/Poughkeepsie, NY",1847
ROUTE,"Detroit, MI_Norfolk, VA",1848
ROUTE,"Detroit, MI_Oakland, CA",1849
ROUTE,"Detroit, MI_Oklahoma City, OK",1850
ROUTE,"Detroit, MI_Omaha, NE",1851
ROUTE,"Detroit, MI_Orlando, FL",1852
ROUTE,"Detroit, MI_Pellston, MI",1853
ROUTE,"Detroit, MI_Pensacola, FL",1854
ROUTE,"Detroit, MI_Philadelphia, PA",1855
ROUTE,"Detroit, MI_Phoenix, AZ",1856
ROUTE,"Detroit, MI_Pittsburgh, PA",1857
ROUTE,"Detroit, MI_Portland, ME",1858
ROUTE,"Detroit, MI_Portland, OR",1859
ROUTE,"Detroit, MI_Providence, RI",1860
ROUTE,"Detroit, MI_Raleigh/Durham, NC",1861
ROUTE,"Detroit, MI_Richmond, VA",1862
ROUTE,"Detroit, MI_Rochester, NY",1863
ROUTE,"Detroit, MI_Sacramento, CA",1864
ROUTE,"Detroit, MI_Saginaw/Bay City/Midland, MI",1865
ROUTE,"Detroit, MI_Salt Lake City, UT",1866
ROUTE,"Detroit, MI_San Antonio, TX",1867
ROUTE,"Detroit, MI_San Diego, CA",1868
ROUTE,"Detroit, MI_San Francisco, CA",1869
ROUTE,"Detroit, MI_San Jose, CA",1870
ROUTE,"Detroit, MI_San Juan, PR",1871
ROUTE,"Detroit, MI_Santa Ana, CA",1872
ROUTE,"Detroit, MI_Sarasota/Bradenton, FL",1873
ROUTE,"Detroit, MI_Sault Ste. Marie, MI",1874
ROUTE,"Detroit, MI_Savannah, GA",1875
ROUTE,"Detroit, MI_Scranton/Wilkes-Barre, PA",1876
ROUTE,"Detroit, MI_Seattle, WA",1877
ROUTE,"Detroit, MI_South Bend, IN",1878
ROUTE,"Detroit, MI_St. Louis, MO",1879
ROUTE,"Detroit, MI_State College, PA",1880
ROUTE,"Detroit, MI_Syracuse, NY",1881
ROUTE,"Detroit, MI_Tampa, FL",1882
ROUTE,"Detroit, MI_Traverse City, MI",1883
ROUTE,"Detroit, MI_Trenton, NJ",1884
ROUTE,"Detroit, MI_Valparaiso, FL",1885
ROUTE,"Detroit, MI_Washington, DC",1886
ROUTE,"Detroit, MI_West Palm Beach/Palm Beach, FL",1887
ROUTE,"Detroit, MI_White Plains, NY",1888
ROUTE,"Detroit, MI_Worcester, MA",1889
ROUTE,"Devils Lake, ND_Jamestown, ND",1890
ROUTE,"Dillingham, AK_King Salmon, AK",1891
ROUTE,"Dodge City, KS_Hays, KS",1892
ROUTE,"Dodge City, KS_Liberal, KS",1893
ROUTE,"Duluth, MN_Hancock/Houghton, MI",1894
ROUTE,"Duluth, MN_Minneapolis, MN",1895
ROUTE,"Durango, CO_Houston, TX",1896
ROUTE,"Durango, CO_Las Vegas, NV",1897
ROUTE,"Durango, CO_Los Angeles, CA",1898
ROUTE,"Durango, CO_Phoenix, AZ",1899
ROUTE,"Durango, CO_Salt Lake City, UT",1900
ROUTE,"Eagle, CO_Houston, TX",1901
ROUTE,"Eagle, CO_Los Angeles, CA",1902
ROUTE,"Eagle, CO_Miami, FL",1903
ROUTE,"Eagle, CO_New York, NY",1904
ROUTE,"Eagle, CO_Newark, NJ",1905
ROUTE,"Eagle, CO_Philadelphia, PA",1906
ROUTE,"Eagle, CO_Phoenix, AZ",1907
ROUTE,"Eagle, CO_San Francisco, CA",1908
ROUTE,"Eagle, CO_Washington, DC",1909
ROUTE,"Eau Claire, WI_Hancock/Houghton, MI",1910
ROUTE,"El Paso, TX_Houston, TX",1911
ROUTE,"El Paso, TX_Las Vegas, NV",1912
ROUTE,"El Paso, TX_Long Beach, CA",1913
ROUTE,"El Paso, TX_Los Angeles, CA",1914
ROUTE,"El Paso, TX_Orlando, FL",1915
ROUTE,"El Paso, TX_Phoenix, AZ",1916
ROUTE,"El Paso, TX_Salt Lake City, UT",1917
ROUTE,"El Paso, TX_San Antonio, TX",1918
ROUTE,"El Paso, TX_San Diego, CA",1919
ROUTE,"El Paso, TX_San Jose, CA",1920
ROUTE,"El Paso, TX_Sanford, FL",1921
ROUTE,"El Paso, TX_Seattle, WA",1922
ROUTE,"Elko, NV_Salt Lake City, UT",1923
ROUTE,"Elmira/Corning, NY_Punta Gorda, FL",1924
ROUTE,"Elmira/Corning, NY_Sanford, FL",1925
ROUTE,"Elmira/Corning, NY_St. Petersburg, FL",1926
ROUTE,"Escanaba, MI_Iron Mountain/Kingsfd, MI",1927
ROUTE,"Escanaba, MI_Minneapolis, MN",1928
ROUTE,"Escanaba, MI_Pellston, MI",1929
ROUTE,"Eugene, OR_Las Vegas, NV",1930
ROUTE,"Eugene, OR_Los Angeles, CA",1931
ROUTE,"Eugene, OR_Oakland, CA",1932
ROUTE,"Eugene, OR_Palm Springs, CA",1933
ROUTE,"Eugene, OR_Phoenix, AZ",1934
ROUTE,"Eugene, OR_Salt Lake City, UT",1935
ROUTE,"Eugene, OR_San Diego, CA",1936
ROUTE,"Eugene, OR_San Francisco, CA",1937
ROUTE,"Eugene, OR_San Jose, CA",1938
ROUTE,"Eugene, OR_Santa Ana, CA",1939
ROUTE,"Eugene, OR_Seattle, WA",1940
ROUTE,"Evansville, IN_Sanford, FL",1941
ROUTE,"Evansville, IN_Valparaiso, FL",1942
ROUTE,"Everett, WA_Las Vegas, NV",1943
ROUTE,"Everett, WA_Los Angeles, CA",1944
ROUTE,"Everett, WA_Palm Springs, CA",1945
ROUTE,"Everett, WA_Phoenix, AZ",1946
ROUTE,"Everett, WA_Portland, OR",1947
ROUTE,"Everett, WA_San Diego, CA",1948
ROUTE,"Everett, WA_San Francisco, CA",1949
ROUTE,"Everett, WA_Santa Ana, CA",1950
ROUTE,"Everett, WA_Spokane, WA",1951
ROUTE,"Everett, WA_Tucson, AZ",1952
ROUTE,"Fairbanks, AK_Minneapolis, MN",1953
ROUTE,"Fairbanks, AK_Salt Lake City, UT",1954
ROUTE,"Fairbanks, AK_San Francisco, CA",1955
ROUTE,"Fairbanks, AK_Seattle, WA",1956
ROUTE,"Fargo, ND_Las Vegas, NV",1957
ROUTE,"Fargo, ND_Los Angeles, CA",1958
ROUTE,"Fargo, ND_Minneapolis, MN",1959
ROUTE,"Fargo, ND_Nashville, TN",1960
ROUTE,"Fargo, ND_Orlando, FL",1961
ROUTE,"Fargo, ND_Phoenix, AZ",1962
ROUTE,"Fargo, ND_Sanford, FL",1963
ROUTE,"Fargo, ND_St. Petersburg, FL",1964
ROUTE,"Fayetteville, AR_Fort Lauderdale, FL",1965
ROUTE,"Fayetteville, AR_Houston, TX",1966
ROUTE,"Fayetteville, AR_Las Vegas, NV",1967
ROUTE,"Fayetteville, AR_Los Angeles, CA",1968
ROUTE,"Fayetteville, AR_Miami, FL",1969
ROUTE,"Fayetteville, AR_Minneapolis, MN",1970
ROUTE,"Fayetteville, AR_Nashville, TN",1971
ROUTE,"Fayetteville, AR_New York, NY",1972
ROUTE,"Fayetteville, AR_Newark, NJ",1973
ROUTE,"Fayetteville, AR_Orlando, FL",1974
ROUTE,"Fayetteville, AR_Philadelphia, PA",1975
ROUTE,"Fayetteville, AR_Phoenix, AZ",1976
ROUTE,"Fayetteville, AR_Punta Gorda, FL",1977
ROUTE,"Fayetteville, AR_San Francisco, CA",1978
ROUTE,"Fayetteville, AR_Sanford, FL",1979
ROUTE,"Fayetteville, AR_St. Petersburg, FL",1980
ROUTE,"Fayetteville, AR_Valparaiso, FL",1981
ROUTE,"Fayetteville, AR_Washington, DC",1982
ROUTE,"Flagstaff, AZ_Los Angeles, CA",1983
ROUTE,"Flagstaff, AZ_Phoenix, AZ",1984
ROUTE,"Flint, MI_Fort Lauderdale, FL",1985
ROUTE,"Flint, MI_Jacksonville, FL",1986
ROUTE,"Flint, MI_Las Vegas, NV",1987
ROUTE,"Flint, MI_Nashville, TN",1988
ROUTE,"Flint, MI_Phoenix, AZ",1989
ROUTE,"Flint, MI_Punta Gorda, FL",1990
ROUTE,"Flint, MI_Sanford, FL",1991
ROUTE,"Flint, MI_Sarasota/Bradenton, FL",1992
ROUTE,"Flint, MI_Savannah, GA",1993
ROUTE,"Flint, MI_St. Petersburg, FL",1994
ROUTE,"Fort Dodge, IA_Mason City, IA",1995
ROUTE,"Fort Lauderdale, FL_Grand Rapids, MI",1996
ROUTE,"Fort Lauderdale, FL_Greensboro/High Point, NC",1997
ROUTE,"Fort Lauderdale, FL_Greer, SC",1998
ROUTE,"Fort Lauderdale, FL_Harrisburg, PA",1999
ROUTE,"Fort Lauderdale, FL_Hartford, CT",2000
ROUTE,"Fort Lauderdale, FL_Hayden, CO",2001
ROUTE,"Fort Lauderdale, FL_Houston, TX",2002
ROUTE,"Fort Lauderdale, FL_Indianapolis, IN",2003
ROUTE,"Fort Lauderdale, FL_Islip, NY",2004
ROUTE,"Fort Lauderdale, FL_Jacksonville, FL",2005
ROUTE,"Fort Lauderdale, FL_Kansas City, MO",2006
ROUTE,"Fort Lauderdale, FL_Knoxville, TN",2007
ROUTE,"Fort Lauderdale, FL_Las Vegas, NV",2008
ROUTE,"Fort Lauderdale, FL_Latrobe, PA",2009
ROUTE,"Fort Lauderdale, FL_Lexington, KY",2010
ROUTE,"Fort Lauderdale, FL_Long Beach, CA",2011
ROUTE,"Fort Lauderdale, FL_Los Angeles, CA",2012
ROUTE,"Fort Lauderdale, FL_Louisville, KY",2013
ROUTE,"Fort Lauderdale, FL_Manchester, NH",2014
ROUTE,"Fort Lauderdale, FL_Memphis, TN",2015
ROUTE,"Fort Lauderdale, FL_Milwaukee, WI",2016
ROUTE,"Fort Lauderdale, FL_Minneapolis, MN",2017
ROUTE,"Fort Lauderdale, FL_Myrtle Beach, SC",2018
ROUTE,"Fort Lauderdale, FL_Nashville, TN",2019
ROUTE,"Fort Lauderdale, FL_New Orleans, LA",2020
ROUTE,"Fort Lauderdale, FL_New York, NY",2021
ROUTE,"Fort Lauderdale, FL_Newark, NJ",2022
ROUTE,"Fort Lauderdale, FL_Newburgh/Poughkeepsie, NY",2023
ROUTE,"Fort Lauderdale, FL_Niagara Falls, NY",2024
ROUTE,"Fort Lauderdale, FL_Norfolk, VA",2025
ROUTE,"Fort Lauderdale, FL_Oakland, CA",2026
ROUTE,"Fort Lauderdale, FL_Orlando, FL",2027
ROUTE,"Fort Lauderdale, FL_Palm Springs, CA",2028
ROUTE,"Fort Lauderdale, FL_Pensacola, FL",2029
ROUTE,"Fort Lauderdale, FL_Peoria, IL",2030
ROUTE,"Fort Lauderdale, FL_Philadelphia, PA",2031
ROUTE,"Fort Lauderdale, FL_Phoenix, AZ",2032
ROUTE,"Fort Lauderdale, FL_Pittsburgh, PA",2033
ROUTE,"Fort Lauderdale, FL_Plattsburgh, NY",2034
ROUTE,"Fort Lauderdale, FL_Portland, ME",2035
ROUTE,"Fort Lauderdale, FL_Portland, OR",2036
ROUTE,"Fort Lauderdale, FL_Providence, RI",2037
ROUTE,"Fort Lauderdale, FL_Raleigh/Durham, NC",2038
ROUTE,"Fort Lauderdale, FL_Richmond, VA",2039
ROUTE,"Fort Lauderdale, FL_Rochester, NY",2040
ROUTE,"Fort Lauderdale, FL_Salt Lake City, UT",2041
ROUTE,"Fort Lauderdale, FL_San Antonio, TX",2042
ROUTE,"Fort Lauderdale, FL_San Diego, CA",2043
ROUTE,"Fort Lauderdale, FL_San Francisco, CA",2044
ROUTE,"Fort Lauderdale, FL_San Jose, CA",2045
ROUTE,"Fort Lauderdale, FL_San Juan, PR",2046
ROUTE,"Fort Lauderdale, FL_Seattle, WA",2047
ROUTE,"Fort Lauderdale, FL_Sioux Falls, SD",2048
ROUTE,"Fort Lauderdale, FL_St. Louis, MO",2049
ROUTE,"Fort Lauderdale, FL_Syracuse, NY",2050
ROUTE,"Fort Lauderdale, FL_Tampa, FL",2051
ROUTE,"Fort Lauderdale, FL_Trenton, NJ",2052
ROUTE,"Fort Lauderdale, FL_Washington, DC",2053
ROUTE,"Fort Lauderdale, FL_White Plains, NY",2054
ROUTE,"Fort Lauderdale, FL_Worcester, MA",2055
ROUTE,"Fort Myers, FL_Grand Rapids, MI",2056
ROUTE,"Fort Myers, FL_Hartford, CT",2057
ROUTE,"Fort Myers, FL_Houston, TX",2058
ROUTE,"Fort Myers, FL_Indianapolis, IN",2059
ROUTE,"Fort Myers, FL_Islip, NY",2060
ROUTE,"Fort Myers, FL_Jacksonville, FL",2061
ROUTE,"Fort Myers, FL_Kansas City, MO",2062
ROUTE,"Fort Myers, FL_Key West, FL",2063
ROUTE,"Fort Myers, FL_Las Vegas, NV",2064
ROUTE,"Fort Myers, FL_Latrobe, PA",2065
ROUTE,"Fort Myers, FL_Los Angeles, CA",2066
ROUTE,"Fort Myers, FL_Louisville, KY",2067
ROUTE,"Fort Myers, FL_Manchester, NH",2068
ROUTE,"Fort Myers, FL_Miami, FL",2069
ROUTE,"Fort Myers, FL_Milwaukee, WI",2070
ROUTE,"Fort Myers, FL_Minneapolis, MN",2071
ROUTE,"Fort Myers, FL_Nashville, TN",2072
ROUTE,"Fort Myers, FL_New York, NY",2073
ROUTE,"Fort Myers, FL_Newark, NJ",2074
ROUTE,"Fort Myers, FL_Omaha, NE",2075
ROUTE,"Fort Myers, FL_Orlando, FL",2076
ROUTE,"Fort Myers, FL_Philadelphia, PA",2077
ROUTE,"Fort Myers, FL_Phoenix, AZ",2078
ROUTE,"Fort Myers, FL_Pittsburgh, PA",2079
ROUTE,"Fort Myers, FL_Portland, ME",2080
ROUTE,"Fort Myers, FL_Providence, RI",2081
ROUTE,"Fort Myers, FL_Raleigh/Durham, NC",2082
ROUTE,"Fort Myers, FL_Rochester, NY",2083
ROUTE,"Fort Myers, FL_Salt Lake City, UT",2084
ROUTE,"Fort Myers, FL_San Francisco, CA",2085
ROUTE,"Fort Myers, FL_Seattle, WA",2086
ROUTE,"Fort Myers, FL_St. Louis, MO",2087
ROUTE,"Fort Myers, FL_Syracuse, NY",2088
ROUTE,"Fort Myers, FL_Trenton, NJ",2089
ROUTE,"Fort Myers, FL_Washington, DC",2090
ROUTE,"Fort Myers, FL_White Plains, NY",2091
ROUTE,"Fort Wayne, IN_Las Vegas, NV",2092
ROUTE,"Fort Wayne, IN_Minneapolis, MN",2093
ROUTE,"Fort Wayne, IN_Myrtle Beach, SC",2094
ROUTE,"Fort Wayne, IN_Philadelphia, PA",2095
ROUTE,"Fort Wayne, IN_Phoenix, AZ",2096
ROUTE,"Fort Wayne, IN_Punta Gorda, FL",2097
ROUTE,"Fort Wayne, IN_Sanford, FL",2098
ROUTE,"Fort Wayne, IN_Sarasota/Bradenton, FL",2099
ROUTE,"Fort Wayne, IN_St. Petersburg, FL",2100
ROUTE,"Fresno, CA_Las Vegas, NV",2101
ROUTE,"Fresno, CA_Los Angeles, CA",2102
ROUTE,"Fresno, CA_Phoenix, AZ",2103
ROUTE,"Fresno, CA_Portland, OR",2104
ROUTE,"Fresno, CA_Salt Lake City, UT",2105
ROUTE,"Fresno, CA_San Diego, CA",2106
ROUTE,"Fresno, CA_San Francisco, CA",2107
ROUTE,"Fresno, CA_Seattle, WA",2108
ROUTE,"Gainesville, FL_Miami, FL",2109
ROUTE,"Gillette, WY_Sheridan, WY",2110
ROUTE,"Grand Forks, ND_Las Vegas, NV",2111
ROUTE,"Grand Forks, ND_Minneapolis, MN",2112
ROUTE,"Grand Forks, ND_Nashville, TN",2113
ROUTE,"Grand Forks, ND_Phoenix, AZ",2114
ROUTE,"Grand Forks, ND_Sanford, FL",2115
ROUTE,"Grand Island, NE_Las Vegas, NV",2116
ROUTE,"Grand Island, NE_Phoenix, AZ",2117
ROUTE,"Grand Junction, CO_Las Vegas, NV",2118
ROUTE,"Grand Junction, CO_Los Angeles, CA",2119
ROUTE,"Grand Junction, CO_Montrose/Delta, CO",2120
ROUTE,"Grand Junction, CO_Phoenix, AZ",2121
ROUTE,"Grand Junction, CO_Salt Lake City, UT",2122
ROUTE,"Grand Junction, CO_Santa Ana, CA",2123
ROUTE,"Grand Rapids, MI_Houston, TX",2124
ROUTE,"Grand Rapids, MI_Indianapolis, IN",2125
ROUTE,"Grand Rapids, MI_Jacksonville, FL",2126
ROUTE,"Grand Rapids, MI_Las Vegas, NV",2127
ROUTE,"Grand Rapids, MI_Los Angeles, CA",2128
ROUTE,"Grand Rapids, MI_Miami, FL",2129
ROUTE,"Grand Rapids, MI_Minneapolis, MN",2130
ROUTE,"Grand Rapids, MI_Nashville, TN",2131
ROUTE,"Grand Rapids, MI_New Orleans, LA",2132
ROUTE,"Grand Rapids, MI_New York, NY",2133
ROUTE,"Grand Rapids, MI_Newark, NJ",2134
ROUTE,"Grand Rapids, MI_Orlando, FL",2135
ROUTE,"Grand Rapids, MI_Philadelphia, PA",2136
ROUTE,"Grand Rapids, MI_Phoenix, AZ",2137
ROUTE,"Grand Rapids, MI_Portland, OR",2138
ROUTE,"Grand Rapids, MI_Punta Gorda, FL",2139
ROUTE,"Grand Rapids, MI_Rapid City, SD",2140
ROUTE,"Grand Rapids, MI_Sanford, FL",2141
ROUTE,"Grand Rapids, MI_Sarasota/Bradenton, FL",2142
ROUTE,"Grand Rapids, MI_Savannah, GA",2143
ROUTE,"Grand Rapids, MI_St. Louis, MO",2144
ROUTE,"Grand Rapids, MI_St. Petersburg, FL",2145
ROUTE,"Grand Rapids, MI_Tampa, FL",2146
ROUTE,"Grand Rapids, MI_Valparaiso, FL",2147
ROUTE,"Grand Rapids, MI_Washington, DC",2148
ROUTE,"Great Falls, MT_Helena, MT",2149
ROUTE,"Great Falls, MT_Las Vegas, NV",2150
ROUTE,"Great Falls, MT_Minneapolis, MN",2151
ROUTE,"Great Falls, MT_Phoenix, AZ",2152
ROUTE,"Great Falls, MT_Salt Lake City, UT",2153
ROUTE,"Great Falls, MT_Seattle, WA",2154
ROUTE,"Green Bay, WI_Minneapolis, MN",2155
ROUTE,"Green Bay, WI_Orlando, FL",2156
ROUTE,"Green Bay, WI_Tampa, FL",2157
ROUTE,"Green Bay, WI_Washington, DC",2158
ROUTE,"Greensboro/High Point, NC_Houston, TX",2159
ROUTE,"Greensboro/High Point, NC_Miami, FL",2160
ROUTE,"Greensboro/High Point, NC_Nashville, TN",2161
ROUTE,"Greensboro/High Point, NC_New York, NY",2162
ROUTE,"Greensboro/High Point, NC_Newark, NJ",2163
ROUTE,"Greensboro/High Point, NC_Orlando, FL",2164
ROUTE,"Greensboro/High Point, NC_Philadelphia, PA",2165
ROUTE,"Greensboro/High Point, NC_Sanford, FL",2166
ROUTE,"Greensboro/High Point, NC_St. Petersburg, FL",2167
ROUTE,"Greensboro/High Point, NC_Tampa, FL",2168
ROUTE,"Greensboro/High Point, NC_Washington, DC",2169
ROUTE,"Greer, SC_Houston, TX",2170
ROUTE,"Greer, SC_Las Vegas, NV",2171
ROUTE,"Greer, SC_Miami, FL",2172
ROUTE,"Greer, SC_New Orleans, LA",2173
ROUTE,"Greer, SC_New York, NY",2174
ROUTE,"Greer, SC_Newark, NJ",2175
ROUTE,"Greer, SC_Orlando, FL",2176
ROUTE,"Greer, SC_Philadelphia, PA",2177
ROUTE,"Greer, SC_Sanford, FL",2178
ROUTE,"Greer, SC_St. Petersburg, FL",2179
ROUTE,"Greer, SC_Tampa, FL",2180
ROUTE,"Greer, SC_Washington, DC",2181
ROUTE,"Guam, TT_Honolulu, HI",2182
ROUTE,"Guam, TT_Saipan, TT",2183
ROUTE,"Guam, TT_San Francisco, CA",2184
ROUTE,"Gulfport/Biloxi, MS_Houston, TX",2185
ROUTE,"Gulfport/Biloxi, MS_Nashville, TN",2186
ROUTE,"Gulfport/Biloxi, MS_Sanford, FL",2187
ROUTE,"Gunnison, CO_Houston, TX",2188
ROUTE,"Gustavus, AK_Juneau, AK",2189
ROUTE,"Hagerstown, MD_Myrtle Beach, SC",2190
ROUTE,"Hagerstown, MD_Sanford, FL",2191
ROUTE,"Hagerstown, MD_St. Petersburg, FL",2192
ROUTE,"Harlingen/San Benito, TX_Houston, TX",2193
ROUTE,"Harlingen/San Benito, TX_Las Vegas, NV",2194
ROUTE,"Harlingen/San Benito, TX_Minneapolis, MN",2195
ROUTE,"Harlingen/San Benito, TX_Orlando, FL",2196
ROUTE,"Harrisburg, PA_Myrtle Beach, SC",2197
ROUTE,"Harrisburg, PA_Nashville, TN",2198
ROUTE,"Harrisburg, PA_Newark, NJ",2199
ROUTE,"Harrisburg, PA_Orlando, FL",2200
ROUTE,"Harrisburg, PA_Philadelphia, PA",2201
ROUTE,"Harrisburg, PA_Punta Gorda, FL",2202
ROUTE,"Harrisburg, PA_Sanford, FL",2203
ROUTE,"Harrisburg, PA_Sarasota/Bradenton, FL",2204
ROUTE,"Harrisburg, PA_St. Petersburg, FL",2205
ROUTE,"Harrisburg, PA_Washington, DC",2206
ROUTE,"Hartford, CT_Houston, TX",2207
ROUTE,"Hartford, CT_Las Vegas, NV",2208
ROUTE,"Hartford, CT_Los Angeles, CA",2209
ROUTE,"Hartford, CT_Miami, FL",2210
ROUTE,"Hartford, CT_Minneapolis, MN",2211
ROUTE,"Hartford, CT_Myrtle Beach, SC",2212
ROUTE,"Hartford, CT_Nashville, TN",2213
ROUTE,"Hartford, CT_New York, NY",2214
ROUTE,"Hartford, CT_Orlando, FL",2215
ROUTE,"Hartford, CT_Philadelphia, PA",2216
ROUTE,"Hartford, CT_Raleigh/Durham, NC",2217
ROUTE,"Hartford, CT_San Francisco, CA",2218
ROUTE,"Hartford, CT_San Juan, PR",2219
ROUTE,"Hartford, CT_St. Louis, MO",2220
ROUTE,"Hartford, CT_Tampa, FL",2221
ROUTE,"Hartford, CT_Washington, DC",2222
ROUTE,"Hartford, CT_West Palm Beach/Palm Beach, FL",2223
ROUTE,"Hattiesburg/Laurel, MS_Houston, TX",2224
ROUTE,"Hattiesburg/Laurel, MS_Meridian, MS",2225
ROUTE,"Hayden, CO_Houston, TX",2226
ROUTE,"Hayden, CO_Long Beach, CA",2227
ROUTE,"Hayden, CO_Los Angeles, CA",2228
ROUTE,"Hayden, CO_Minneapolis, MN",2229
ROUTE,"Hayden, CO_Nashville, TN",2230
ROUTE,"Hayden, CO_New York, NY",2231
ROUTE,"Hayden, CO_Newark, NJ",2232
ROUTE,"Hayden, CO_San Diego, CA",2233
ROUTE,"Hayden, CO_San Francisco, CA",2234
ROUTE,"Hayden, CO_Seattle, WA",2235
ROUTE,"Hayden, CO_Washington, DC",2236
ROUTE,"Hays, KS_Salina, KS",2237
ROUTE,"Helena, MT_Minneapolis, MN",2238
ROUTE,"Helena, MT_Salt Lake City, UT",2239
ROUTE,"Helena, MT_Seattle, WA",2240
ROUTE,"Hibbing, MN_International Falls, MN",2241
ROUTE,"Hibbing, MN_Minneapolis, MN",2242
ROUTE,"Hilo, HI_Honolulu, HI",2243
ROUTE,"Hilo, HI_Kahului, HI",2244
ROUTE,"Hilo, HI_Los Angeles, CA",2245
ROUTE,"Hilton Head, SC_New York, NY",2246
ROUTE,"Hilton Head, SC_Newark, NJ",2247
ROUTE,"Hilton Head, SC_Philadelphia, PA",2248
ROUTE,"Hilton Head, SC_Savannah, GA",2249
ROUTE,"Hilton Head, SC_Washington, DC",2250
ROUTE,"Hobbs, NM_Houston, TX",2251
ROUTE,"Honolulu, HI_Houston, TX",2252
ROUTE,"Honolulu, HI_Kahului, HI",2253
ROUTE,"Honolulu, HI_Kona, HI",2254
ROUTE,"Honolulu, HI_Las Vegas, NV",2255
ROUTE,"Honolulu, HI_Lihue, HI",2256
ROUTE,"Honolulu, HI_Long Beach, CA",2257
ROUTE,"Honolulu, HI_Los Angeles, CA",2258
ROUTE,"Honolulu, HI_Minneapolis, MN",2259
ROUTE,"Honolulu, HI_New York, NY",2260
ROUTE,"Honolulu, HI_Newark, NJ",2261
ROUTE,"Honolulu, HI_Oakland, CA",2262
ROUTE,"Honolulu, HI_Ontario, CA",2263
ROUTE,"Honolulu, HI_Orlando, FL",2264
ROUTE,"Honolulu, HI_Pago Pago, TT",2265
ROUTE,"Honolulu, HI_Phoenix, AZ",2266
ROUTE,"Honolulu, HI_Portland, OR",2267
ROUTE,"Honolulu, HI_Sacramento, CA",2268
ROUTE,"Honolulu, HI_Salt Lake City, UT",2269
ROUTE,"Honolulu, HI_San Diego, CA",2270
ROUTE,"Honolulu, HI_San Francisco, CA",2271
ROUTE,"Honolulu, HI_San Jose, CA",2272
ROUTE,"Honolulu, HI_Santa Ana, CA",2273
ROUTE,"Honolulu, HI_Seattle, WA",2274
ROUTE,"Honolulu, HI_Washington, DC",2275
ROUTE,"Houston, TX_Huntsville, AL",2276
ROUTE,"Houston, TX_Indianapolis, IN",2277
ROUTE,"Houston, TX_Jackson, WY",2278
ROUTE,"Houston, TX_Jackson/Vicksburg, MS",2279
ROUTE,"Houston, TX_Jacksonville, FL",2280
ROUTE,"Houston, TX_Joplin, MO",2281
ROUTE,"Houston, TX_Kalispell, MT",2282
ROUTE,"Houston, TX_Kansas City, MO",2283
ROUTE,"Houston, TX_Key West, FL",2284
ROUTE,"Houston, TX_Killeen, TX",2285
ROUTE,"Houston, TX_Knoxville, TN",2286
ROUTE,"Houston, TX_Lafayette, LA",2287
ROUTE,"Houston, TX_Lake Charles, LA",2288
ROUTE,"Houston, TX_Laredo, TX",2289
ROUTE,"Houston, TX_Las Vegas, NV",2290
ROUTE,"Houston, TX_Lexington, KY",2291
ROUTE,"Houston, TX_Little Rock, AR",2292
ROUTE,"Houston, TX_Long Beach, CA",2293
ROUTE,"Houston, TX_Los Angeles, CA",2294
ROUTE,"Houston, TX_Louisville, KY",2295
ROUTE,"Houston, TX_Lubbock, TX",2296
ROUTE,"Houston, TX_Madison, WI",2297
ROUTE,"Houston, TX_Memphis, TN",2298
ROUTE,"Houston, TX_Meridian, MS",2299
ROUTE,"Houston, TX_Miami, FL",2300
ROUTE,"Houston, TX_Midland/Odessa, TX",2301
ROUTE,"Houston, TX_Milwaukee, WI",2302
ROUTE,"Houston, TX_Minneapolis, MN",2303
ROUTE,"Houston, TX_Mission/McAllen/Edinburg, TX",2304
ROUTE,"Houston, TX_Mobile, AL",2305
ROUTE,"Houston, TX_Monroe, LA",2306
ROUTE,"Houston, TX_Montrose/Delta, CO",2307
ROUTE,"Houston, TX_Myrtle Beach, SC",2308
ROUTE,"Houston, TX_Nashville, TN",2309
ROUTE,"Houston, TX_New Orleans, LA",2310
ROUTE,"Houston, TX_New York, NY",2311
ROUTE,"Houston, TX_Newark, NJ",2312
ROUTE,"Houston, TX_Norfolk, VA",2313
ROUTE,"Houston, TX_Oakland, CA",2314
ROUTE,"Houston, TX_Oklahoma City, OK",2315
ROUTE,"Houston, TX_Omaha, NE",2316
ROUTE,"Houston, TX_Ontario, CA",2317
ROUTE,"Houston, TX_Orlando, FL",2318
ROUTE,"Houston, TX_Palm Springs, CA",2319
ROUTE,"Houston, TX_Panama City, FL",2320
ROUTE,"Houston, TX_Pensacola, FL",2321
ROUTE,"Houston, TX_Philadelphia, PA",2322
ROUTE,"Houston, TX_Phoenix, AZ",2323
ROUTE,"Houston, TX_Pittsburgh, PA",2324
ROUTE,"Houston, TX_Portland, OR",2325
ROUTE,"Houston, TX_Provo, UT",2326
ROUTE,"Houston, TX_Punta Gorda, FL",2327
ROUTE,"Houston, TX_Raleigh/Durham, NC",2328
ROUTE,"Houston, TX_Rapid City, SD",2329
ROUTE,"Houston, TX_Reno, NV",2330
ROUTE,"Houston, TX_Richmond, VA",2331
ROUTE,"Houston, TX_Sacramento, CA",2332
ROUTE,"Houston, TX_Salt Lake City, UT",2333
ROUTE,"Houston, TX_San Angelo, TX",2334
ROUTE,"Houston, TX_San Antonio, TX",2335
ROUTE,"Houston, TX_San Diego, CA",2336
ROUTE,"Houston, TX_San Francisco, CA",2337
ROUTE,"Houston, TX_San Jose, CA",2338
ROUTE,"Houston, TX_San Juan, PR",2339
ROUTE,"Houston, TX_Santa Ana, CA",2340
ROUTE,"Houston, TX_Sarasota/Bradenton, FL",2341
ROUTE,"Houston, TX_Savannah, GA",2342
ROUTE,"Houston, TX_Seattle, WA",2343
ROUTE,"Houston, TX_Shreveport, LA",2344
ROUTE,"Houston, TX_Springfield, MO",2345
ROUTE,"Houston, TX_St. Louis, MO",2346
ROUTE,"Houston, TX_Tallahassee, FL",2347
ROUTE,"Houston, TX_Tampa, FL",2348
ROUTE,"Houston, TX_Tucson, AZ",2349
ROUTE,"Houston, TX_Tulsa, OK",2350
ROUTE,"Houston, TX_Valparaiso, FL",2351
ROUTE,"Houston, TX_Victoria, TX",2352
ROUTE,"Houston, TX_Washington, DC",2353
ROUTE,"Houston, TX_West Palm Beach/Palm Beach, FL",2354
ROUTE,"Houston, TX_Wichita, KS",2355
ROUTE,"Huntsville, AL_Miami, FL",2356
ROUTE,"Huntsville, AL_Orlando, FL",2357
ROUTE,"Huntsville, AL_Washington, DC",2358
ROUTE,"Hyannis, MA_New York, NY",2359
ROUTE,"Idaho Falls, ID_Las Vegas, NV",2360
ROUTE,"Idaho Falls, ID_Los Angeles, CA",2361
ROUTE,"Idaho Falls, ID_Minneapolis, MN",2362
ROUTE,"Idaho Falls, ID_Oakland, CA",2363
ROUTE,"Idaho Falls, ID_Phoenix, AZ",2364
ROUTE,"Idaho Falls, ID_Portland, OR",2365
ROUTE,"Idaho Falls, ID_Salt Lake City, UT",2366
ROUTE,"Idaho Falls, ID_San Diego, CA",2367
ROUTE,"Idaho Falls, ID_Santa Ana, CA",2368
ROUTE,"Idaho Falls, ID_Seattle, WA",2369
ROUTE,"Indianapolis, IN_Jacksonville, FL",2370
ROUTE,"Indianapolis, IN_Kansas City, MO",2371
ROUTE,"Indianapolis, IN_Key West, FL",2372
ROUTE,"Indianapolis, IN_Las Vegas, NV",2373
ROUTE,"Indianapolis, IN_Los Angeles, CA",2374
ROUTE,"Indianapolis, IN_Memphis, TN",2375
ROUTE,"Indianapolis, IN_Miami, FL",2376
ROUTE,"Indianapolis, IN_Minneapolis, MN",2377
ROUTE,"Indianapolis, IN_Myrtle Beach, SC",2378
ROUTE,"Indianapolis, IN_New Orleans, LA",2379
ROUTE,"Indianapolis, IN_New York, NY",2380
ROUTE,"Indianapolis, IN_Newark, NJ",2381
ROUTE,"Indianapolis, IN_Oakland, CA",2382
ROUTE,"Indianapolis, IN_Orlando, FL",2383
ROUTE,"Indianapolis, IN_Palm Springs, CA",2384
ROUTE,"Indianapolis, IN_Panama City, FL",2385
ROUTE,"Indianapolis, IN_Pensacola, FL",2386
ROUTE,"Indianapolis, IN_Philadelphia, PA",2387
ROUTE,"Indianapolis, IN_Phoenix, AZ",2388
ROUTE,"Indianapolis, IN_Punta Gorda, FL",2389
ROUTE,"Indianapolis, IN_Raleigh/Durham, NC",2390
ROUTE,"Indianapolis, IN_Salt Lake City, UT",2391
ROUTE,"Indianapolis, IN_San Diego, CA",2392
ROUTE,"Indianapolis, IN_San Francisco, CA",2393
ROUTE,"Indianapolis, IN_Sanford, FL",2394
ROUTE,"Indianapolis, IN_Sarasota/Bradenton, FL",2395
ROUTE,"Indianapolis, IN_Savannah, GA",2396
ROUTE,"Indianapolis, IN_Seattle, WA",2397
ROUTE,"Indianapolis, IN_St. Louis, MO",2398
ROUTE,"Indianapolis, IN_St. Petersburg, FL",2399
ROUTE,"Indianapolis, IN_Tampa, FL",2400
ROUTE,"Indianapolis, IN_Tucson, AZ",2401
ROUTE,"Indianapolis, IN_Valparaiso, FL",2402
ROUTE,"Indianapolis, IN_Washington, DC",2403
ROUTE,"Indianapolis, IN_West Palm Beach/Palm Beach, FL",2404
ROUTE,"International Falls, MN_Minneapolis, MN",2405
ROUTE,"Iron Mountain/Kingsfd, MI_Minneapolis, MN",2406
ROUTE,"Iron Mountain/Kingsfd, MI_Rhinelander, WI",2407
ROUTE,"Islip, NY_Miami, FL",2408
ROUTE,"Islip, NY_Myrtle Beach, SC",2409
ROUTE,"Islip, NY_Nashville, TN",2410
ROUTE,"Islip, NY_Orlando, FL",2411
ROUTE,"Islip, NY_Raleigh/Durham, NC",2412
ROUTE,"Islip, NY_Tampa, FL",2413
ROUTE,"Islip, NY_West Palm Beach/Palm Beach, FL",2414
ROUTE,"Ithaca/Cortland, NY_New York, NY",2415
ROUTE,"Ithaca/Cortland, NY_Newark, NJ",2416
ROUTE,"Jackson, WY_Las Vegas, NV",2417
ROUTE,"Jackson, WY_Los Angeles, CA",2418
ROUTE,"Jackson, WY_Miami, FL",2419
ROUTE,"Jackson, WY_Minneapolis, MN",2420
ROUTE,"Jackson, WY_New York, NY",2421
ROUTE,"Jackson, WY_Newark, NJ",2422
ROUTE,"Jackson, WY_Phoenix, AZ",2423
ROUTE,"Jackson, WY_Reno, NV",2424
ROUTE,"Jackson, WY_Salt Lake City, UT",2425
ROUTE,"Jackson, WY_San Diego, CA",2426
ROUTE,"Jackson, WY_San Francisco, CA",2427
ROUTE,"Jackson, WY_San Jose, CA",2428
ROUTE,"Jackson, WY_Seattle, WA",2429
ROUTE,"Jackson/Vicksburg, MS_Miami, FL",2430
ROUTE,"Jackson/Vicksburg, MS_Orlando, FL",2431
ROUTE,"Jackson/Vicksburg, MS_Washington, DC",2432
ROUTE,"Jacksonville, FL_Las Vegas, NV",2433
ROUTE,"Jacksonville, FL_Los Angeles, CA",2434
ROUTE,"Jacksonville, FL_Miami, FL",2435
ROUTE,"Jacksonville, FL_Minneapolis, MN",2436
ROUTE,"Jacksonville, FL_Nashville, TN",2437
ROUTE,"Jacksonville, FL_New York, NY",2438
ROUTE,"Jacksonville, FL_Newark, NJ",2439
ROUTE,"Jacksonville, FL_Norfolk, VA",2440
ROUTE,"Jacksonville, FL_Philadelphia, PA",2441
ROUTE,"Jacksonville, FL_Pittsburgh, PA",2442
ROUTE,"Jacksonville, FL_Raleigh/Durham, NC",2443
ROUTE,"Jacksonville, FL_San Juan, PR",2444
ROUTE,"Jacksonville, FL_St. Louis, MO",2445
ROUTE,"Jacksonville, FL_Trenton, NJ",2446
ROUTE,"Jacksonville, FL_Washington, DC",2447
ROUTE,"Johnstown, PA_Washington, DC",2448
ROUTE,"Juneau, AK_Ketchikan, AK",2449
ROUTE,"Juneau, AK_Petersburg, AK",2450
ROUTE,"Juneau, AK_Seattle, WA",2451
ROUTE,"Juneau, AK_Sitka, AK",2452
ROUTE,"Juneau, AK_Yakutat, AK",2453
ROUTE,"Kahului, HI_Kona, HI",2454
ROUTE,"Kahului, HI_Las Vegas, NV",2455
ROUTE,"Kahului, HI_Lihue, HI",2456
ROUTE,"Kahului, HI_Long Beach, CA",2457
ROUTE,"Kahului, HI_Los Angeles, CA",2458
ROUTE,"Kahului, HI_Newark, NJ",2459
ROUTE,"Kahului, HI_Oakland, CA",2460
ROUTE,"Kahului, HI_Phoenix, AZ",2461
ROUTE,"Kahului, HI_Portland, OR",2462
ROUTE,"Kahului, HI_Sacramento, CA",2463
ROUTE,"Kahului, HI_Salt Lake City, UT",2464
ROUTE,"Kahului, HI_San Diego, CA",2465
ROUTE,"Kahului, HI_San Francisco, CA",2466
ROUTE,"Kahului, HI_San Jose, CA",2467
ROUTE,"Kahului, HI_Seattle, WA",2468
ROUTE,"Kalamazoo, MI_Minneapolis, MN",2469
ROUTE,"Kalispell, MT_Las Vegas, NV",2470
ROUTE,"Kalispell, MT_Los Angeles, CA",2471
ROUTE,"Kalispell, MT_Minneapolis, MN",2472
ROUTE,"Kalispell, MT_New York, NY",2473
ROUTE,"Kalispell, MT_Oakland, CA",2474
ROUTE,"Kalispell, MT_Phoenix, AZ",2475
ROUTE,"Kalispell, MT_Portland, OR",2476
ROUTE,"Kalispell, MT_Salt Lake City, UT",2477
ROUTE,"Kalispell, MT_San Diego, CA",2478
ROUTE,"Kalispell, MT_San Francisco, CA",2479
ROUTE,"Kalispell, MT_Seattle, WA",2480
ROUTE,"Kansas City, MO_Las Vegas, NV",2481
ROUTE,"Kansas City, MO_Long Beach, CA",2482
ROUTE,"Kansas City, MO_Los Angeles, CA",2483
ROUTE,"Kansas City, MO_Miami, FL",2484
ROUTE,"Kansas City, MO_Milwaukee, WI",2485
ROUTE,"Kansas City, MO_Minneapolis, MN",2486
ROUTE,"Kansas City, MO_Myrtle Beach, SC",2487
ROUTE,"Kansas City, MO_Nashville, TN",2488
ROUTE,"Kansas City, MO_New Orleans, LA",2489
ROUTE,"Kansas City, MO_New York, NY",2490
ROUTE,"Kansas City, MO_Newark, NJ",2491
ROUTE,"Kansas City, MO_Oakland, CA",2492
ROUTE,"Kansas City, MO_Orlando, FL",2493
ROUTE,"Kansas City, MO_Panama City, FL",2494
ROUTE,"Kansas City, MO_Pensacola, FL",2495
ROUTE,"Kansas City, MO_Philadelphia, PA",2496
ROUTE,"Kansas City, MO_Phoenix, AZ",2497
ROUTE,"Kansas City, MO_Portland, OR",2498
ROUTE,"Kansas City, MO_Punta Gorda, FL",2499
ROUTE,"Kansas City, MO_Raleigh/Durham, NC",2500
ROUTE,"Kansas City, MO_Salt Lake City, UT",2501
ROUTE,"Kansas City, MO_San Antonio, TX",2502
ROUTE,"Kansas City, MO_San Diego, CA",2503
ROUTE,"Kansas City, MO_San Francisco, CA",2504
ROUTE,"Kansas City, MO_San Jose, CA",2505
ROUTE,"Kansas City, MO_Sanford, FL",2506
ROUTE,"Kansas City, MO_Santa Ana, CA",2507
ROUTE,"Kansas City, MO_Sarasota/Bradenton, FL",2508
ROUTE,"Kansas City, MO_Seattle, WA",2509
ROUTE,"Kansas City, MO_St. Louis, MO",2510
ROUTE,"Kansas City, MO_St. Petersburg, FL",2511
ROUTE,"Kansas City, MO_Tampa, FL",2512
ROUTE,"Kansas City, MO_Valparaiso, FL",2513
ROUTE,"Kansas City, MO_Washington, DC",2514
ROUTE,"Kearney, NE_North Platte, NE",2515
ROUTE,"Ketchikan, AK_Seattle, WA",2516
ROUTE,"Ketchikan, AK_Sitka, AK",2517
ROUTE,"Ketchikan, AK_Wrangell, AK",2518
ROUTE,"Key West, FL_Miami, FL",2519
ROUTE,"Key West, FL_Nashville, TN",2520
ROUTE,"Key West, FL_New York, NY",2521
ROUTE,"Key West, FL_Newark, NJ",2522
ROUTE,"Key West, FL_Orlando, FL",2523
ROUTE,"Key West, FL_Philadelphia, PA",2524
ROUTE,"Key West, FL_Pittsburgh, PA",2525
ROUTE,"Key West, FL_Sanford, FL",2526
ROUTE,"Key West, FL_St. Petersburg, FL",2527
ROUTE,"Key West, FL_Tampa, FL",2528
ROUTE,"Key West, FL_Washington, DC",2529
ROUTE,"Knoxville, TN_Las Vegas, NV",2530
ROUTE,"Knoxville, TN_Miami, FL",2531
ROUTE,"Knoxville, TN_Minneapolis, MN",2532
ROUTE,"Knoxville, TN_Myrtle Beach, SC",2533
ROUTE,"Knoxville, TN_New York, NY",2534
ROUTE,"Knoxville, TN_Newark, NJ",2535
ROUTE,"Knoxville, TN_Orlando, FL",2536
ROUTE,"Knoxville, TN_Philadelphia, PA",2537
ROUTE,"Knoxville, TN_Phoenix, AZ",2538
ROUTE,"Knoxville, TN_Pittsburgh, PA",2539
ROUTE,"Knoxville, TN_Punta Gorda, FL",2540
ROUTE,"Knoxville, TN_Sanford, FL",2541
ROUTE,"Knoxville, TN_Sarasota/Bradenton, FL",2542
ROUTE,"Knoxville, TN_St. Petersburg, FL",2543
ROUTE,"Knoxville, TN_Valparaiso, FL",2544
ROUTE,"Knoxville, TN_Washington, DC",2545
ROUTE,"Knoxville, TN_West Palm Beach/Palm Beach, FL",2546
ROUTE,"Kona, HI_Las Vegas, NV",2547
ROUTE,"Kona, HI_Lihue, HI",2548
ROUTE,"Kona, HI_Los Angeles, CA",2549
ROUTE,"Kona, HI_Oakland, CA",2550
ROUTE,"Kona, HI_Phoenix, AZ",2551
ROUTE,"Kona, HI_Portland, OR",2552
ROUTE,"Kona, HI_Sacramento, CA",2553
ROUTE,"Kona, HI_San Diego, CA",2554
ROUTE,"Kona, HI_San Francisco, CA",2555
ROUTE,"Kona, HI_San Jose, CA",2556
ROUTE,"Kona, HI_Seattle, WA",2557
ROUTE,"Kotzebue, AK_Nome, AK",2558
ROUTE,"La Crosse, WI_Minneapolis, MN",2559
ROUTE,"Lafayette, LA_Orlando, FL",2560
ROUTE,"Lansing, MI_Minneapolis, MN",2561
ROUTE,"Lansing, MI_Washington, DC",2562
ROUTE,"Laramie, WY_Scottsbluff, NE",2563
ROUTE,"Laredo, TX_Las Vegas, NV",2564
ROUTE,"Las Vegas, NV_Lexington, KY",2565
ROUTE,"Las Vegas, NV_Lihue, HI",2566
ROUTE,"Las Vegas, NV_Little Rock, AR",2567
ROUTE,"Las Vegas, NV_Long Beach, CA",2568
ROUTE,"Las Vegas, NV_Los Angeles, CA",2569
ROUTE,"Las Vegas, NV_Louisville, KY",2570
ROUTE,"Las Vegas, NV_Lubbock, TX",2571
ROUTE,"Las Vegas, NV_Madison, WI",2572
ROUTE,"Las Vegas, NV_Medford, OR",2573
ROUTE,"Las Vegas, NV_Memphis, TN",2574
ROUTE,"Las Vegas, NV_Miami, FL",2575
ROUTE,"Las Vegas, NV_Midland/Odessa, TX",2576
ROUTE,"Las Vegas, NV_Milwaukee, WI",2577
ROUTE,"Las Vegas, NV_Minneapolis, MN",2578
ROUTE,"Las Vegas, NV_Minot, ND",2579
ROUTE,"Las Vegas, NV_Mission/McAllen/Edinburg, TX",2580
ROUTE,"Las Vegas, NV_Missoula, MT",2581
ROUTE,"Las Vegas, NV_Moline, IL",2582
ROUTE,"Las Vegas, NV_Monterey, CA",2583
ROUTE,"Las Vegas, NV_Nashville, TN",2584
ROUTE,"Las Vegas, NV_New Orleans, LA",2585
ROUTE,"Las Vegas, NV_New York, NY",2586
ROUTE,"Las Vegas, NV_Newark, NJ",2587
ROUTE,"Las Vegas, NV_Norfolk, VA",2588
ROUTE,"Las Vegas, NV_Oakland, CA",2589
ROUTE,"Las Vegas, NV_Oklahoma City, OK",2590
ROUTE,"Las Vegas, NV_Omaha, NE",2591
ROUTE,"Las Vegas, NV_Ontario, CA",2592
ROUTE,"Las Vegas, NV_Orlando, FL",2593
ROUTE,"Las Vegas, NV_Palm Springs, CA",2594
ROUTE,"Las Vegas, NV_Pasco/Kennewick/Richland, WA",2595
ROUTE,"Las Vegas, NV_Peoria, IL",2596
ROUTE,"Las Vegas, NV_Philadelphia, PA",2597
ROUTE,"Las Vegas, NV_Phoenix, AZ",2598
ROUTE,"Las Vegas, NV_Pittsburgh, PA",2599
ROUTE,"Las Vegas, NV_Portland, OR",2600
ROUTE,"Las Vegas, NV_Provo, UT",2601
ROUTE,"Las Vegas, NV_Raleigh/Durham, NC",2602
ROUTE,"Las Vegas, NV_Rapid City, SD",2603
ROUTE,"Las Vegas, NV_Reno, NV",2604
ROUTE,"Las Vegas, NV_Richmond, VA",2605
ROUTE,"Las Vegas, NV_Rockford, IL",2606
ROUTE,"Las Vegas, NV_Sacramento, CA",2607
ROUTE,"Las Vegas, NV_Salt Lake City, UT",2608
ROUTE,"Las Vegas, NV_San Antonio, TX",2609
ROUTE,"Las Vegas, NV_San Diego, CA",2610
ROUTE,"Las Vegas, NV_San Francisco, CA",2611
ROUTE,"Las Vegas, NV_San Jose, CA",2612
ROUTE,"Las Vegas, NV_Sanford, FL",2613
ROUTE,"Las Vegas, NV_Santa Ana, CA",2614
ROUTE,"Las Vegas, NV_Santa Barbara, CA",2615
ROUTE,"Las Vegas, NV_Santa Maria, CA",2616
ROUTE,"Las Vegas, NV_Seattle, WA",2617
ROUTE,"Las Vegas, NV_Shreveport, LA",2618
ROUTE,"Las Vegas, NV_Sioux Falls, SD",2619
ROUTE,"Las Vegas, NV_South Bend, IN",2620
ROUTE,"Las Vegas, NV_Spokane, WA",2621
ROUTE,"Las Vegas, NV_Springfield, MO",2622
ROUTE,"Las Vegas, NV_St. Louis, MO",2623
ROUTE,"Las Vegas, NV_Stockton, CA",2624
ROUTE,"Las Vegas, NV_Tampa, FL",2625
ROUTE,"Las Vegas, NV_Tucson, AZ",2626
ROUTE,"Las Vegas, NV_Tulsa, OK",2627
ROUTE,"Las Vegas, NV_Valparaiso, FL",2628
ROUTE,"Las Vegas, NV_Washington, DC",2629
ROUTE,"Las Vegas, NV_Wichita, KS",2630
ROUTE,"Latrobe, PA_Myrtle Beach, SC",2631
ROUTE,"Latrobe, PA_Orlando, FL",2632
ROUTE,"Latrobe, PA_Pittsburgh, PA",2633
ROUTE,"Latrobe, PA_Tampa, FL",2634
ROUTE,"Lewisburg, WV_Staunton, VA",2635
ROUTE,"Lewisburg, WV_Washington, DC",2636
ROUTE,"Lewiston, ID_Salt Lake City, UT",2637
ROUTE,"Lexington, KY_Miami, FL",2638
ROUTE,"Lexington, KY_Minneapolis, MN",2639
ROUTE,"Lexington, KY_Myrtle Beach, SC",2640
ROUTE,"Lexington, KY_New York, NY",2641
ROUTE,"Lexington, KY_Philadelphia, PA",2642
ROUTE,"Lexington, KY_Punta Gorda, FL",2643
ROUTE,"Lexington, KY_Sanford, FL",2644
ROUTE,"Lexington, KY_St. Petersburg, FL",2645
ROUTE,"Lexington, KY_Valparaiso, FL",2646
ROUTE,"Lexington, KY_Washington, DC",2647
ROUTE,"Liberal, KS_Pueblo, CO",2648
ROUTE,"Lihue, HI_Los Angeles, CA",2649
ROUTE,"Lihue, HI_Oakland, CA",2650
ROUTE,"Lihue, HI_Phoenix, AZ",2651
ROUTE,"Lihue, HI_Portland, OR",2652
ROUTE,"Lihue, HI_San Diego, CA",2653
ROUTE,"Lihue, HI_San Francisco, CA",2654
ROUTE,"Lihue, HI_San Jose, CA",2655
ROUTE,"Lihue, HI_Seattle, WA",2656
ROUTE,"Lincoln, NE_Minneapolis, MN",2657
ROUTE,"Little Rock, AR_Los Angeles, CA",2658
ROUTE,"Little Rock, AR_Miami, FL",2659
ROUTE,"Little Rock, AR_New York, NY",2660
ROUTE,"Little Rock, AR_Oklahoma City, OK",2661
ROUTE,"Little Rock, AR_Orlando, FL",2662
ROUTE,"Little Rock, AR_Phoenix, AZ",2663
ROUTE,"Little Rock, AR_Sanford, FL",2664
ROUTE,"Little Rock, AR_St. Louis, MO",2665
ROUTE,"Little Rock, AR_St. Petersburg, FL",2666
ROUTE,"Little Rock, AR_Valparaiso, FL",2667
ROUTE,"Little Rock, AR_Washington, DC",2668
ROUTE,"Long Beach, CA_Nashville, TN",2669
ROUTE,"Long Beach, CA_New Orleans, LA",2670
ROUTE,"Long Beach, CA_New York, NY",2671
ROUTE,"Long Beach, CA_Oakland, CA",2672
ROUTE,"Long Beach, CA_Palm Springs, CA",2673
ROUTE,"Long Beach, CA_Phoenix, AZ",2674
ROUTE,"Long Beach, CA_Portland, OR",2675
ROUTE,"Long Beach, CA_Reno, NV",2676
ROUTE,"Long Beach, CA_Sacramento, CA",2677
ROUTE,"Long Beach, CA_Salt Lake City, UT",2678
ROUTE,"Long Beach, CA_San Francisco, CA",2679
ROUTE,"Long Beach, CA_San Jose, CA",2680
ROUTE,"Long Beach, CA_Seattle, WA",2681
ROUTE,"Long Beach, CA_St. Louis, MO",2682
ROUTE,"Los Angeles, CA_Louisville, KY",2683
ROUTE,"Los Angeles, CA_Madison, WI",2684
ROUTE,"Los Angeles, CA_Mammoth Lakes, CA",2685
ROUTE,"Los Angeles, CA_Medford, OR",2686
ROUTE,"Los Angeles, CA_Memphis, TN",2687
ROUTE,"Los Angeles, CA_Miami, FL",2688
ROUTE,"Los Angeles, CA_Milwaukee, WI",2689
ROUTE,"Los Angeles, CA_Minneapolis, MN",2690
ROUTE,"Los Angeles, CA_Mission/McAllen/Edinburg, TX",2691
ROUTE,"Los Angeles, CA_Missoula, MT",2692
ROUTE,"Los Angeles, CA_Monterey, CA",2693
ROUTE,"Los Angeles, CA_Montrose/Delta, CO",2694
ROUTE,"Los Angeles, CA_Nashville, TN",2695
ROUTE,"Los Angeles, CA_New Orleans, LA",2696
ROUTE,"Los Angeles, CA_New York, NY",2697
ROUTE,"Los Angeles, CA_Newark, NJ",2698
ROUTE,"Los Angeles, CA_Oakland, CA",2699
ROUTE,"Los Angeles, CA_Oklahoma City, OK",2700
ROUTE,"Los Angeles, CA_Omaha, NE",2701
ROUTE,"Los Angeles, CA_Orlando, FL",2702
ROUTE,"Los Angeles, CA_Palm Springs, CA",2703
ROUTE,"Los Angeles, CA_Pasco/Kennewick/Richland, WA",2704
ROUTE,"Los Angeles, CA_Philadelphia, PA",2705
ROUTE,"Los Angeles, CA_Phoenix, AZ",2706
ROUTE,"Los Angeles, CA_Pittsburgh, PA",2707
ROUTE,"Los Angeles, CA_Portland, OR",2708
ROUTE,"Los Angeles, CA_Prescott, AZ",2709
ROUTE,"Los Angeles, CA_Provo, UT",2710
ROUTE,"Los Angeles, CA_Raleigh/Durham, NC",2711
ROUTE,"Los Angeles, CA_Rapid City, SD",2712
ROUTE,"Los Angeles, CA_Redding, CA",2713
ROUTE,"Los Angeles, CA_Reno, NV",2714
ROUTE,"Los Angeles, CA_Richmond, VA",2715
ROUTE,"Los Angeles, CA_Sacramento, CA",2716
ROUTE,"Los Angeles, CA_Salt Lake City, UT",2717
ROUTE,"Los Angeles, CA_San Antonio, TX",2718
ROUTE,"Los Angeles, CA_San Diego, CA",2719
ROUTE,"Los Angeles, CA_San Francisco, CA",2720
ROUTE,"Los Angeles, CA_San Jose, CA",2721
ROUTE,"Los Angeles, CA_San Luis Obispo, CA",2722
ROUTE,"Los Angeles, CA_Santa Barbara, CA",2723
ROUTE,"Los Angeles, CA_Santa Fe, NM",2724
ROUTE,"Los Angeles, CA_Santa Rosa, CA",2725
ROUTE,"Los Angeles, CA_Seattle, WA",2726
ROUTE,"Los Angeles, CA_Shreveport, LA",2727
ROUTE,"Los Angeles, CA_Sioux Falls, SD",2728
ROUTE,"Los Angeles, CA_Spokane, WA",2729
ROUTE,"Los Angeles, CA_Springfield, MO",2730
ROUTE,"Los Angeles, CA_St. George, UT",2731
ROUTE,"Los Angeles, CA_St. Louis, MO",2732
ROUTE,"Los Angeles, CA_Stockton, CA",2733
ROUTE,"Los Angeles, CA_Sun Valley/Hailey/Ketchum, ID",2734
ROUTE,"Los Angeles, CA_Tampa, FL",2735
ROUTE,"Los Angeles, CA_Tucson, AZ",2736
ROUTE,"Los Angeles, CA_Tulsa, OK",2737
ROUTE,"Los Angeles, CA_Twin Falls, ID",2738
ROUTE,"Los Angeles, CA_Washington, DC",2739
ROUTE,"Los Angeles, CA_West Palm Beach/Palm Beach, FL",2740
ROUTE,"Los Angeles, CA_Wichita, KS",2741
ROUTE,"Louisville, KY_Miami, FL",2742
ROUTE,"Louisville, KY_Minneapolis, MN",2743
ROUTE,"Louisville, KY_Myrtle Beach, SC",2744
ROUTE,"Louisville, KY_New Orleans, LA",2745
ROUTE,"Louisville, KY_New York, NY",2746
ROUTE,"Louisville, KY_Newark, NJ",2747
ROUTE,"Louisville, KY_Orlando, FL",2748
ROUTE,"Louisville, KY_Pensacola, FL",2749
ROUTE,"Louisville, KY_Philadelphia, PA",2750
ROUTE,"Louisville, KY_Phoenix, AZ",2751
ROUTE,"Louisville, KY_Punta Gorda, FL",2752
ROUTE,"Louisville, KY_San Francisco, CA",2753
ROUTE,"Louisville, KY_Sanford, FL",2754
ROUTE,"Louisville, KY_Sarasota/Bradenton, FL",2755
ROUTE,"Louisville, KY_Savannah, GA",2756
ROUTE,"Louisville, KY_St. Petersburg, FL",2757
ROUTE,"Louisville, KY_Tampa, FL",2758
ROUTE,"Louisville, KY_Valparaiso, FL",2759
ROUTE,"Louisville, KY_Washington, DC",2760
ROUTE,"Lubbock, TX_Phoenix, AZ",2761
ROUTE,"Madison, WI_Miami, FL",2762
ROUTE,"Madison, WI_Milwaukee, WI",2763
ROUTE,"Madison, WI_Minneapolis, MN",2764
ROUTE,"Madison, WI_New York, NY",2765
ROUTE,"Madison, WI_Newark, NJ",2766
ROUTE,"Madison, WI_Orlando, FL",2767
ROUTE,"Madison, WI_Philadelphia, PA",2768
ROUTE,"Madison, WI_Phoenix, AZ",2769
ROUTE,"Madison, WI_Raleigh/Durham, NC",2770
ROUTE,"Madison, WI_Salt Lake City, UT",2771
ROUTE,"Madison, WI_San Francisco, CA",2772
ROUTE,"Madison, WI_Seattle, WA",2773
ROUTE,"Madison, WI_Washington, DC",2774
ROUTE,"Mammoth Lakes, CA_San Francisco, CA",2775
ROUTE,"Manchester, NH_Myrtle Beach, SC",2776
ROUTE,"Manchester, NH_New York, NY",2777
ROUTE,"Manchester, NH_Newark, NJ",2778
ROUTE,"Manchester, NH_Orlando, FL",2779
ROUTE,"Manchester, NH_Philadelphia, PA",2780
ROUTE,"Manchester, NH_Tampa, FL",2781
ROUTE,"Manchester, NH_Washington, DC",2782
ROUTE,"Marquette, MI_Minneapolis, MN",2783
ROUTE,"Martha's Vineyard, MA_New York, NY",2784
ROUTE,"Martha's Vineyard, MA_Newark, NJ",2785
ROUTE,"Martha's Vineyard, MA_Philadelphia, PA",2786
ROUTE,"Martha's Vineyard, MA_Washington, DC",2787
ROUTE,"Martha's Vineyard, MA_White Plains, NY",2788
ROUTE,"Medford, OR_Phoenix, AZ",2789
ROUTE,"Medford, OR_Portland, OR",2790
ROUTE,"Medford, OR_Salt Lake City, UT",2791
ROUTE,"Medford, OR_San Diego, CA",2792
ROUTE,"Medford, OR_San Francisco, CA",2793
ROUTE,"Medford, OR_Santa Ana, CA",2794
ROUTE,"Medford, OR_Seattle, WA",2795
ROUTE,"Melbourne, FL_Nashville, TN",2796
ROUTE,"Melbourne, FL_Philadelphia, PA",2797
ROUTE,"Melbourne, FL_Pittsburgh, PA",2798
ROUTE,"Melbourne, FL_Washington, DC",2799
ROUTE,"Memphis, TN_Miami, FL",2800
ROUTE,"Memphis, TN_Minneapolis, MN",2801
ROUTE,"Memphis, TN_New York, NY",2802
ROUTE,"Memphis, TN_Newark, NJ",2803
ROUTE,"Memphis, TN_Orlando, FL",2804
ROUTE,"Memphis, TN_Philadelphia, PA",2805
ROUTE,"Memphis, TN_Phoenix, AZ",2806
ROUTE,"Memphis, TN_Punta Gorda, FL",2807
ROUTE,"Memphis, TN_Salt Lake City, UT",2808
ROUTE,"Memphis, TN_Sanford, FL",2809
ROUTE,"Memphis, TN_St. Petersburg, FL",2810
ROUTE,"Memphis, TN_Tampa, FL",2811
ROUTE,"Memphis, TN_Valparaiso, FL",2812
ROUTE,"Memphis, TN_Washington, DC",2813
ROUTE,"Miami, FL_Milwaukee, WI",2814
ROUTE,"Miami, FL_Minneapolis, MN",2815
ROUTE,"Miami, FL_Myrtle Beach, SC",2816
ROUTE,"Miami, FL_Nashville, TN",2817
ROUTE,"Miami, FL_New Orleans, LA",2818
ROUTE,"Miami, FL_New York, NY",2819
ROUTE,"Miami, FL_Newark, NJ",2820
ROUTE,"Miami, FL_Newburgh/Poughkeepsie, NY",2821
ROUTE,"Miami, FL_Norfolk, VA",2822
ROUTE,"Miami, FL_Oklahoma City, OK",2823
ROUTE,"Miami, FL_Omaha, NE",2824
ROUTE,"Miami, FL_Orlando, FL",2825
ROUTE,"Miami, FL_Pensacola, FL",2826
ROUTE,"Miami, FL_Philadelphia, PA",2827
ROUTE,"Miami, FL_Phoenix, AZ",2828
ROUTE,"Miami, FL_Pittsburgh, PA",2829
ROUTE,"Miami, FL_Portland, ME",2830
ROUTE,"Miami, FL_Providence, RI",2831
ROUTE,"Miami, FL_Raleigh/Durham, NC",2832
ROUTE,"Miami, FL_Richmond, VA",2833
ROUTE,"Miami, FL_Rochester, NY",2834
ROUTE,"Miami, FL_Salt Lake City, UT",2835
ROUTE,"Miami, FL_San Antonio, TX",2836
ROUTE,"Miami, FL_San Diego, CA",2837
ROUTE,"Miami, FL_San Francisco, CA",2838
ROUTE,"Miami, FL_San Jose, CA",2839
ROUTE,"Miami, FL_San Juan, PR",2840
ROUTE,"Miami, FL_Savannah, GA",2841
ROUTE,"Miami, FL_Seattle, WA",2842
ROUTE,"Miami, FL_St. Louis, MO",2843
ROUTE,"Miami, FL_Syracuse, NY",2844
ROUTE,"Miami, FL_Tallahassee, FL",2845
ROUTE,"Miami, FL_Tampa, FL",2846
ROUTE,"Miami, FL_Trenton, NJ",2847
ROUTE,"Miami, FL_Tulsa, OK",2848
ROUTE,"Miami, FL_Washington, DC",2849
ROUTE,"Miami, FL_White Plains, NY",2850
ROUTE,"Midland/Odessa, TX_Phoenix, AZ",2851
ROUTE,"Milwaukee, WI_Minneapolis, MN",2852
ROUTE,"Milwaukee, WI_Nashville, TN",2853
ROUTE,"Milwaukee, WI_New York, NY",2854
ROUTE,"Milwaukee, WI_Newark, NJ",2855
ROUTE,"Milwaukee, WI_Orlando, FL",2856
ROUTE,"Milwaukee, WI_Philadelphia, PA",2857
ROUTE,"Milwaukee, WI_Phoenix, AZ",2858
ROUTE,"Milwaukee, WI_Punta Gorda, FL",2859
ROUTE,"Milwaukee, WI_Raleigh/Durham, NC",2860
ROUTE,"Milwaukee, WI_Salt Lake City, UT",2861
ROUTE,"Milwaukee, WI_San Diego, CA",2862
ROUTE,"Milwaukee, WI_San Francisco, CA",2863
ROUTE,"Milwaukee, WI_Sanford, FL",2864
ROUTE,"Milwaukee, WI_Sarasota/Bradenton, FL",2865
ROUTE,"Milwaukee, WI_Seattle, WA",2866
ROUTE,"Milwaukee, WI_St. Louis, MO",2867
ROUTE,"Milwaukee, WI_St. Petersburg, FL",2868
ROUTE,"Milwaukee, WI_Tampa, FL",2869
ROUTE,"Milwaukee, WI_Valparaiso, FL",2870
ROUTE,"Milwaukee, WI_Washington, DC",2871
ROUTE,"Minneapolis, MN_Minot, ND",2872
ROUTE,"Minneapolis, MN_Missoula, MT",2873
ROUTE,"Minneapolis, MN_Moline, IL",2874
ROUTE,"Minneapolis, MN_Mosinee, WI",2875
ROUTE,"Minneapolis, MN_Myrtle Beach, SC",2876
ROUTE,"Minneapolis, MN_Nashville, TN",2877
ROUTE,"Minneapolis, MN_New Orleans, LA",2878
ROUTE,"Minneapolis, MN_New York, NY",2879
ROUTE,"Minneapolis, MN_Newark, NJ",2880
ROUTE,"Minneapolis, MN_Norfolk, VA",2881
ROUTE,"Minneapolis, MN_Oakland, CA",2882
ROUTE,"Minneapolis, MN_Oklahoma City, OK",2883
ROUTE,"Minneapolis, MN_Omaha, NE",2884
ROUTE,"Minneapolis, MN_Orlando, FL",2885
ROUTE,"Minneapolis, MN_Palm Springs, CA",2886
ROUTE,"Minneapolis, MN_Pasco/Kennewick/Richland, WA",2887
ROUTE,"Minneapolis, MN_Peoria, IL",2888
ROUTE,"Minneapolis, MN_Philadelphia, PA",2889
ROUTE,"Minneapolis, MN_Phoenix, AZ",2890
ROUTE,"Minneapolis, MN_Pittsburgh, PA",2891
ROUTE,"Minneapolis, MN_Portland, ME",2892
ROUTE,"Minneapolis, MN_Portland, OR",2893
ROUTE,"Minneapolis, MN_Providence, RI",2894
ROUTE,"Minneapolis, MN_Punta Gorda, FL",2895
ROUTE,"Minneapolis, MN_Raleigh/Durham, NC",2896
ROUTE,"Minneapolis, MN_Rapid City, SD",2897
ROUTE,"Minneapolis, MN_Reno, NV",2898
ROUTE,"Minneapolis, MN_Rhinelander, WI",2899
ROUTE,"Minneapolis, MN_Richmond, VA",2900
ROUTE,"Minneapolis, MN_Rochester, MN",2901
ROUTE,"Minneapolis, MN_Rochester, NY",2902
ROUTE,"Minneapolis, MN_Sacramento, CA",2903
ROUTE,"Minneapolis, MN_Saginaw/Bay City/Midland, MI",2904
ROUTE,"Minneapolis, MN_Salt Lake City, UT",2905
ROUTE,"Minneapolis, MN_San Antonio, TX",2906
ROUTE,"Minneapolis, MN_San Diego, CA",2907
ROUTE,"Minneapolis, MN_San Francisco, CA",2908
ROUTE,"Minneapolis, MN_San Jose, CA",2909
ROUTE,"Minneapolis, MN_San Juan, PR",2910
ROUTE,"Minneapolis, MN_Santa Ana, CA",2911
ROUTE,"Minneapolis, MN_Sarasota/Bradenton, FL",2912
ROUTE,"Minneapolis, MN_Sault Ste. Marie, MI",2913
ROUTE,"Minneapolis, MN_Savannah, GA",2914
ROUTE,"Minneapolis, MN_Seattle, WA",2915
ROUTE,"Minneapolis, MN_Sioux Falls, SD",2916
ROUTE,"Minneapolis, MN_South Bend, IN",2917
ROUTE,"Minneapolis, MN_Spokane, WA",2918
ROUTE,"Minneapolis, MN_St. Louis, MO",2919
ROUTE,"Minneapolis, MN_Syracuse, NY",2920
ROUTE,"Minneapolis, MN_Tampa, FL",2921
ROUTE,"Minneapolis, MN_Traverse City, MI",2922
ROUTE,"Minneapolis, MN_Trenton, NJ",2923
ROUTE,"Minneapolis, MN_Tucson, AZ",2924
ROUTE,"Minneapolis, MN_Tulsa, OK",2925
ROUTE,"Minneapolis, MN_Valparaiso, FL",2926
ROUTE,"Minneapolis, MN_Washington, DC",2927
ROUTE,"Minneapolis, MN_West Palm Beach/Palm Beach, FL",2928
ROUTE,"Minneapolis, MN_Wichita, KS",2929
ROUTE,"Minneapolis, MN_Williston, ND",2930
ROUTE,"Minot, ND_Phoenix, AZ",2931
ROUTE,"Mission/McAllen/Edinburg, TX_Nashville, TN",2932
ROUTE,"Mission/McAllen/Edinburg, TX_Phoenix, AZ",2933
ROUTE,"Mission/McAllen/Edinburg, TX_Sanford, FL",2934
ROUTE,"Missoula, MT_Oakland, CA",2935
ROUTE,"Missoula, MT_Phoenix, AZ",2936
ROUTE,"Missoula, MT_Portland, OR",2937
ROUTE,"Missoula, MT_Salt Lake City, UT",2938
ROUTE,"Missoula, MT_San Diego, CA",2939
ROUTE,"Missoula, MT_San Francisco, CA",2940
ROUTE,"Missoula, MT_San Jose, CA",2941
ROUTE,"Missoula, MT_Santa Ana, CA",2942
ROUTE,"Missoula, MT_Seattle, WA",2943
ROUTE,"Moab, UT_Salt Lake City, UT",2944
ROUTE,"Moab, UT_Vernal, UT",2945
ROUTE,"Mobile, AL_Orlando, FL",2946
ROUTE,"Moline, IL_Phoenix, AZ",2947
ROUTE,"Moline, IL_Punta Gorda, FL",2948
ROUTE,"Moline, IL_Sanford, FL",2949
ROUTE,"Moline, IL_St. Petersburg, FL",2950
ROUTE,"Monterey, CA_Phoenix, AZ",2951
ROUTE,"Monterey, CA_Portland, OR",2952
ROUTE,"Monterey, CA_San Diego, CA",2953
ROUTE,"Monterey, CA_San Francisco, CA",2954
ROUTE,"Monterey, CA_Seattle, WA",2955
ROUTE,"Montgomery, AL_Philadelphia, PA",2956
ROUTE,"Montgomery, AL_Washington, DC",2957
ROUTE,"Montrose/Delta, CO_New York, NY",2958
ROUTE,"Montrose/Delta, CO_Newark, NJ",2959
ROUTE,"Montrose/Delta, CO_Phoenix, AZ",2960
ROUTE,"Montrose/Delta, CO_Salt Lake City, UT",2961
ROUTE,"Montrose/Delta, CO_San Francisco, CA",2962
ROUTE,"Muskegon, MI_Saginaw/Bay City/Midland, MI",2963
ROUTE,"Myrtle Beach, SC_Nashville, TN",2964
ROUTE,"Myrtle Beach, SC_New York, NY",2965
ROUTE,"Myrtle Beach, SC_Newark, NJ",2966
ROUTE,"Myrtle Beach, SC_Newburgh/Poughkeepsie, NY",2967
ROUTE,"Myrtle Beach, SC_Niagara Falls, NY",2968
ROUTE,"Myrtle Beach, SC_Orlando, FL",2969
ROUTE,"Myrtle Beach, SC_Philadelphia, PA",2970
ROUTE,"Myrtle Beach, SC_Pittsburgh, PA",2971
ROUTE,"Myrtle Beach, SC_Plattsburgh, NY",2972
ROUTE,"Myrtle Beach, SC_Portland, ME",2973
ROUTE,"Myrtle Beach, SC_Portsmouth, NH",2974
ROUTE,"Myrtle Beach, SC_Providence, RI",2975
ROUTE,"Myrtle Beach, SC_Rochester, NY",2976
ROUTE,"Myrtle Beach, SC_St. Louis, MO",2977
ROUTE,"Myrtle Beach, SC_Syracuse, NY",2978
ROUTE,"Myrtle Beach, SC_Trenton, NJ",2979
ROUTE,"Myrtle Beach, SC_Washington, DC",2980
ROUTE,"Nantucket, MA_New York, NY",2981
ROUTE,"Nantucket, MA_Newark, NJ",2982
ROUTE,"Nantucket, MA_Philadelphia, PA",2983
ROUTE,"Nantucket, MA_Washington, DC",2984
ROUTE,"Nantucket, MA_White Plains, NY",2985
ROUTE,"Nashville, TN_New Orleans, LA",2986
ROUTE,"Nashville, TN_New York, NY",2987
ROUTE,"Nashville, TN_Newark, NJ",2988
ROUTE,"Nashville, TN_Norfolk, VA",2989
ROUTE,"Nashville, TN_Oakland, CA",2990
ROUTE,"Nashville, TN_Oklahoma City, OK",2991
ROUTE,"Nashville, TN_Omaha, NE",2992
ROUTE,"Nashville, TN_Orlando, FL",2993
ROUTE,"Nashville, TN_Palm Springs, CA",2994
ROUTE,"Nashville, TN_Panama City, FL",2995
ROUTE,"Nashville, TN_Pensacola, FL",2996
ROUTE,"Nashville, TN_Peoria, IL",2997
ROUTE,"Nashville, TN_Philadelphia, PA",2998
ROUTE,"Nashville, TN_Phoenix, AZ",2999
ROUTE,"Nashville, TN_Pittsburgh, PA",3000
ROUTE,"Nashville, TN_Portland, ME",3001
ROUTE,"Nashville, TN_Portsmouth, NH",3002
ROUTE,"Nashville, TN_Providence, RI",3003
ROUTE,"Nashville, TN_Provo, UT",3004
ROUTE,"Nashville, TN_Punta Gorda, FL",3005
ROUTE,"Nashville, TN_Raleigh/Durham, NC",3006
ROUTE,"Nashville, TN_Richmond, VA",3007
ROUTE,"Nashville, TN_Roanoke, VA",3008
ROUTE,"Nashville, TN_Sacramento, CA",3009
ROUTE,"Nashville, TN_Salt Lake City, UT",3010
ROUTE,"Nashville, TN_San Antonio, TX",3011
ROUTE,"Nashville, TN_San Diego, CA",3012
ROUTE,"Nashville, TN_San Francisco, CA",3013
ROUTE,"Nashville, TN_San Jose, CA",3014
ROUTE,"Nashville, TN_San Juan, PR",3015
ROUTE,"Nashville, TN_Sanford, FL",3016
ROUTE,"Nashville, TN_Santa Ana, CA",3017
ROUTE,"Nashville, TN_Sarasota/Bradenton, FL",3018
ROUTE,"Nashville, TN_Savannah, GA",3019
ROUTE,"Nashville, TN_Seattle, WA",3020
ROUTE,"Nashville, TN_Sioux Falls, SD",3021
ROUTE,"Nashville, TN_St. Louis, MO",3022
ROUTE,"Nashville, TN_St. Petersburg, FL",3023
ROUTE,"Nashville, TN_State College, PA",3024
ROUTE,"Nashville, TN_Syracuse, NY",3025
ROUTE,"Nashville, TN_Tampa, FL",3026
ROUTE,"Nashville, TN_Trenton, NJ",3027
ROUTE,"Nashville, TN_Tulsa, OK",3028
ROUTE,"Nashville, TN_Valparaiso, FL",3029
ROUTE,"Nashville, TN_Washington, DC",3030
ROUTE,"Nashville, TN_West Palm Beach/Palm Beach, FL",3031
ROUTE,"New Bern/Morehead/Beaufort, NC_Washington, DC",3032
ROUTE,"New Haven, CT_Philadelphia, PA",3033
ROUTE,"New Orleans, LA_New York, NY",3034
ROUTE,"New Orleans, LA_Newark, NJ",3035
ROUTE,"New Orleans, LA_Oakland, CA",3036
ROUTE,"New Orleans, LA_Oklahoma City, OK",3037
ROUTE,"New Orleans, LA_Orlando, FL",3038
ROUTE,"New Orleans, LA_Philadelphia, PA",3039
ROUTE,"New Orleans, LA_Phoenix, AZ",3040
ROUTE,"New Orleans, LA_Pittsburgh, PA",3041
ROUTE,"New Orleans, LA_Portland, OR",3042
ROUTE,"New Orleans, LA_Raleigh/Durham, NC",3043
ROUTE,"New Orleans, LA_Sacramento, CA",3044
ROUTE,"New Orleans, LA_Salt Lake City, UT",3045
ROUTE,"New Orleans, LA_San Antonio, TX",3046
ROUTE,"New Orleans, LA_San Diego, CA",3047
ROUTE,"New Orleans, LA_San Francisco, CA",3048
ROUTE,"New Orleans, LA_San Jose, CA",3049
ROUTE,"New Orleans, LA_Seattle, WA",3050
ROUTE,"New Orleans, LA_St. Louis, MO",3051
ROUTE,"New Orleans, LA_Tampa, FL",3052
ROUTE,"New Orleans, LA_Washington, DC",3053
ROUTE,"New York, NY_Norfolk, VA",3054
ROUTE,"New York, NY_Oakland, CA",3055
ROUTE,"New York, NY_Oklahoma City, OK",3056
ROUTE,"New York, NY_Omaha, NE",3057
ROUTE,"New York, NY_Ontario, CA",3058
ROUTE,"New York, NY_Orlando, FL",3059
ROUTE,"New York, NY_Palm Springs, CA",3060
ROUTE,"New York, NY_Pensacola, FL",3061
ROUTE,"New York, NY_Philadelphia, PA",3062
ROUTE,"New York, NY_Phoenix, AZ",3063
ROUTE,"New York, NY_Pittsburgh, PA",3064
ROUTE,"New York, NY_Ponce, PR",3065
ROUTE,"New York, NY_Portland, ME",3066
ROUTE,"New York, NY_Portland, OR",3067
ROUTE,"New York, NY_Providence, RI",3068
ROUTE,"New York, NY_Raleigh/Durham, NC",3069
ROUTE,"New York, NY_Rapid City, SD",3070
ROUTE,"New York, NY_Reno, NV",3071
ROUTE,"New York, NY_Richmond, VA",3072
ROUTE,"New York, NY_Roanoke, VA",3073
ROUTE,"New York, NY_Rochester, NY",3074
ROUTE,"New York, NY_Sacramento, CA",3075
ROUTE,"New York, NY_Salt Lake City, UT",3076
ROUTE,"New York, NY_San Antonio, TX",3077
ROUTE,"New York, NY_San Diego, CA",3078
ROUTE,"New York, NY_San Francisco, CA",3079
ROUTE,"New York, NY_San Jose, CA",3080
ROUTE,"New York, NY_San Juan, PR",3081
ROUTE,"New York, NY_Santa Ana, CA",3082
ROUTE,"New York, NY_Sarasota/Bradenton, FL",3083
ROUTE,"New York, NY_Savannah, GA",3084
ROUTE,"New York, NY_Seattle, WA",3085
ROUTE,"New York, NY_South Bend, IN",3086
ROUTE,"New York, NY_St. Louis, MO",3087
ROUTE,"New York, NY_State College, PA",3088
ROUTE,"New York, NY_Syracuse, NY",3089
ROUTE,"New York, NY_Tampa, FL",3090
ROUTE,"New York, NY_Traverse City, MI",3091
ROUTE,"New York, NY_Tulsa, OK",3092
ROUTE,"New York, NY_Valparaiso, FL",3093
ROUTE,"New York, NY_Washington, DC",3094
ROUTE,"New York, NY_West Palm Beach/Palm Beach, FL",3095
ROUTE,"New York, NY_Wilmington, NC",3096
ROUTE,"New York, NY_Worcester, MA",3097
ROUTE,"Newark, NJ_Norfolk, VA",3098
ROUTE,"Newark, NJ_Oakland, CA",3099
ROUTE,"Newark, NJ_Oklahoma City, OK",3100
ROUTE,"Newark, NJ_Omaha, NE",3101
ROUTE,"Newark, NJ_Orlando, FL",3102
ROUTE,"Newark, NJ_Palm Springs, CA",3103
ROUTE,"Newark, NJ_Pensacola, FL",3104
ROUTE,"Newark, NJ_Philadelphia, PA",3105
ROUTE,"Newark, NJ_Phoenix, AZ",3106
ROUTE,"Newark, NJ_Pittsburgh, PA",3107
ROUTE,"Newark, NJ_Portland, ME",3108
ROUTE,"Newark, NJ_Portland, OR",3109
ROUTE,"Newark, NJ_Providence, RI",3110
ROUTE,"Newark, NJ_Raleigh/Durham, NC",3111
ROUTE,"Newark, NJ_Rapid City, SD",3112
ROUTE,"Newark, NJ_Reno, NV",3113
ROUTE,"Newark, NJ_Richmond, VA",3114
ROUTE,"Newark, NJ_Rochester, NY",3115
ROUTE,"Newark, NJ_Sacramento, CA",3116
ROUTE,"Newark, NJ_Salt Lake City, UT",3117
ROUTE,"Newark, NJ_San Antonio, TX",3118
ROUTE,"Newark, NJ_San Diego, CA",3119
ROUTE,"Newark, NJ_San Francisco, CA",3120
ROUTE,"Newark, NJ_San Jose, CA",3121
ROUTE,"Newark, NJ_San Juan, PR",3122
ROUTE,"Newark, NJ_Santa Ana, CA",3123
ROUTE,"Newark, NJ_Sarasota/Bradenton, FL",3124
ROUTE,"Newark, NJ_Savannah, GA",3125
ROUTE,"Newark, NJ_Scranton/Wilkes-Barre, PA",3126
ROUTE,"Newark, NJ_Seattle, WA",3127
ROUTE,"Newark, NJ_South Bend, IN",3128
ROUTE,"Newark, NJ_St. Louis, MO",3129
ROUTE,"Newark, NJ_Syracuse, NY",3130
ROUTE,"Newark, NJ_Tampa, FL",3131
ROUTE,"Newark, NJ_Traverse City, MI",3132
ROUTE,"Newark, NJ_Valparaiso, FL",3133
ROUTE,"Newark, NJ_Washington, DC",3134
ROUTE,"Newark, NJ_West Palm Beach/Palm Beach, FL",3135
ROUTE,"Newark, NJ_Wilmington, NC",3136
ROUTE,"Newburgh/Poughkeepsie, NY_Orlando, FL",3137
ROUTE,"Newburgh/Poughkeepsie, NY_Punta Gorda, FL",3138
ROUTE,"Newburgh/Poughkeepsie, NY_Raleigh/Durham, NC",3139
ROUTE,"Newburgh/Poughkeepsie, NY_Sanford, FL",3140
ROUTE,"Newburgh/Poughkeepsie, NY_Savannah, GA",3141
ROUTE,"Newburgh/Poughkeepsie, NY_St. Petersburg, FL",3142
ROUTE,"Newburgh/Poughkeepsie, NY_Tampa, FL",3143
ROUTE,"Newport News/Williamsburg, VA_Philadelphia, PA",3144
ROUTE,"Niagara Falls, NY_Plattsburgh, NY",3145
ROUTE,"Niagara Falls, NY_Punta Gorda, FL",3146
ROUTE,"Niagara Falls, NY_Sanford, FL",3147
ROUTE,"Niagara Falls, NY_Savannah, GA",3148
ROUTE,"Niagara Falls, NY_St. Petersburg, FL",3149
ROUTE,"Norfolk, VA_Orlando, FL",3150
ROUTE,"Norfolk, VA_Philadelphia, PA",3151
ROUTE,"Norfolk, VA_Phoenix, AZ",3152
ROUTE,"Norfolk, VA_Pittsburgh, PA",3153
ROUTE,"Norfolk, VA_Punta Gorda, FL",3154
ROUTE,"Norfolk, VA_San Diego, CA",3155
ROUTE,"Norfolk, VA_Sanford, FL",3156
ROUTE,"Norfolk, VA_St. Petersburg, FL",3157
ROUTE,"Norfolk, VA_Tampa, FL",3158
ROUTE,"Norfolk, VA_Washington, DC",3159
ROUTE,"North Bend/Coos Bay, OR_San Francisco, CA",3160
ROUTE,"North Platte, NE_Scottsbluff, NE",3161
ROUTE,"North Platte, NE_Sioux City, IA",3162
ROUTE,"Oakland, CA_Ontario, CA",3163
ROUTE,"Oakland, CA_Orlando, FL",3164
ROUTE,"Oakland, CA_Palm Springs, CA",3165
ROUTE,"Oakland, CA_Philadelphia, PA",3166
ROUTE,"Oakland, CA_Phoenix, AZ",3167
ROUTE,"Oakland, CA_Portland, OR",3168
ROUTE,"Oakland, CA_Reno, NV",3169
ROUTE,"Oakland, CA_Sacramento, CA",3170
ROUTE,"Oakland, CA_Salt Lake City, UT",3171
ROUTE,"Oakland, CA_San Antonio, TX",3172
ROUTE,"Oakland, CA_San Diego, CA",3173
ROUTE,"Oakland, CA_Santa Ana, CA",3174
ROUTE,"Oakland, CA_Santa Barbara, CA",3175
ROUTE,"Oakland, CA_Seattle, WA",3176
ROUTE,"Oakland, CA_Spokane, WA",3177
ROUTE,"Oakland, CA_St. Louis, MO",3178
ROUTE,"Oakland, CA_Tucson, AZ",3179
ROUTE,"Ogden, UT_Phoenix, AZ",3180
ROUTE,"Ogdensburg, NY_Plattsburgh, NY",3181
ROUTE,"Ogdensburg, NY_Sanford, FL",3182
ROUTE,"Ogdensburg, NY_St. Petersburg, FL",3183
ROUTE,"Ogdensburg, NY_Washington, DC",3184
ROUTE,"Oklahoma City, OK_Orlando, FL",3185
ROUTE,"Oklahoma City, OK_Philadelphia, PA",3186
ROUTE,"Oklahoma City, OK_Phoenix, AZ",3187
ROUTE,"Oklahoma City, OK_Salt Lake City, UT",3188
ROUTE,"Oklahoma City, OK_San Antonio, TX",3189
ROUTE,"Oklahoma City, OK_San Francisco, CA",3190
ROUTE,"Oklahoma City, OK_Sanford, FL",3191
ROUTE,"Oklahoma City, OK_Seattle, WA",3192
ROUTE,"Oklahoma City, OK_St. Louis, MO",3193
ROUTE,"Oklahoma City, OK_Tampa, FL",3194
ROUTE,"Oklahoma City, OK_Valparaiso, FL",3195
ROUTE,"Oklahoma City, OK_Washington, DC",3196
ROUTE,"Omaha, NE_Orlando, FL",3197
ROUTE,"Omaha, NE_Philadelphia, PA",3198
ROUTE,"Omaha, NE_Phoenix, AZ",3199
ROUTE,"Omaha, NE_Portland, OR",3200
ROUTE,"Omaha, NE_Punta Gorda, FL",3201
ROUTE,"Omaha, NE_Salt Lake City, UT",3202
ROUTE,"Omaha, NE_San Diego, CA",3203
ROUTE,"Omaha, NE_San Francisco, CA",3204
ROUTE,"Omaha, NE_Sanford, FL",3205
ROUTE,"Omaha, NE_Seattle, WA",3206
ROUTE,"Omaha, NE_St. Louis, MO",3207
ROUTE,"Omaha, NE_St. Petersburg, FL",3208
ROUTE,"Omaha, NE_Tampa, FL",3209
ROUTE,"Omaha, NE_Valparaiso, FL",3210
ROUTE,"Omaha, NE_Washington, DC",3211
ROUTE,"Ontario, CA_Orlando, FL",3212
ROUTE,"Ontario, CA_Phoenix, AZ",3213
ROUTE,"Ontario, CA_Portland, OR",3214
ROUTE,"Ontario, CA_Sacramento, CA",3215
ROUTE,"Ontario, CA_Salt Lake City, UT",3216
ROUTE,"Ontario, CA_San Antonio, TX",3217
ROUTE,"Ontario, CA_San Francisco, CA",3218
ROUTE,"Ontario, CA_San Jose, CA",3219
ROUTE,"Ontario, CA_Seattle, WA",3220
ROUTE,"Orlando, FL_Pensacola, FL",3221
ROUTE,"Orlando, FL_Philadelphia, PA",3222
ROUTE,"Orlando, FL_Phoenix, AZ",3223
ROUTE,"Orlando, FL_Pittsburgh, PA",3224
ROUTE,"Orlando, FL_Ponce, PR",3225
ROUTE,"Orlando, FL_Portland, ME",3226
ROUTE,"Orlando, FL_Portland, OR",3227
ROUTE,"Orlando, FL_Portsmouth, NH",3228
ROUTE,"Orlando, FL_Providence, RI",3229
ROUTE,"Orlando, FL_Raleigh/Durham, NC",3230
ROUTE,"Orlando, FL_Richmond, VA",3231
ROUTE,"Orlando, FL_Rochester, NY",3232
ROUTE,"Orlando, FL_Sacramento, CA",3233
ROUTE,"Orlando, FL_Salt Lake City, UT",3234
ROUTE,"Orlando, FL_San Antonio, TX",3235
ROUTE,"Orlando, FL_San Diego, CA",3236
ROUTE,"Orlando, FL_San Francisco, CA",3237
ROUTE,"Orlando, FL_San Jose, CA",3238
ROUTE,"Orlando, FL_San Juan, PR",3239
ROUTE,"Orlando, FL_Sarasota/Bradenton, FL",3240
ROUTE,"Orlando, FL_Seattle, WA",3241
ROUTE,"Orlando, FL_Sioux Falls, SD",3242
ROUTE,"Orlando, FL_St. Louis, MO",3243
ROUTE,"Orlando, FL_Syracuse, NY",3244
ROUTE,"Orlando, FL_Trenton, NJ",3245
ROUTE,"Orlando, FL_Tulsa, OK",3246
ROUTE,"Orlando, FL_Washington, DC",3247
ROUTE,"Orlando, FL_White Plains, NY",3248
ROUTE,"Orlando, FL_Wilmington, DE",3249
ROUTE,"Orlando, FL_Worcester, MA",3250
ROUTE,"Owensboro, KY_Sanford, FL",3251
ROUTE,"Palm Springs, CA_Philadelphia, PA",3252
ROUTE,"Palm Springs, CA_Phoenix, AZ",3253
ROUTE,"Palm Springs, CA_Portland, OR",3254
ROUTE,"Palm Springs, CA_Provo, UT",3255
ROUTE,"Palm Springs, CA_Reno, NV",3256
ROUTE,"Palm Springs, CA_Sacramento, CA",3257
ROUTE,"Palm Springs, CA_Salt Lake City, UT",3258
ROUTE,"Palm Springs, CA_San Francisco, CA",3259
ROUTE,"Palm Springs, CA_San Jose, CA",3260
ROUTE,"Palm Springs, CA_Seattle, WA",3261
ROUTE,"Panama City, FL_Philadelphia, PA",3262
ROUTE,"Panama City, FL_St. Louis, MO",3263
ROUTE,"Panama City, FL_Washington, DC",3264
ROUTE,"Pasco/Kennewick/Richland, WA_Phoenix, AZ",3265
ROUTE,"Pasco/Kennewick/Richland, WA_Salt Lake City, UT",3266
ROUTE,"Pasco/Kennewick/Richland, WA_San Diego, CA",3267
ROUTE,"Pasco/Kennewick/Richland, WA_San Francisco, CA",3268
ROUTE,"Pasco/Kennewick/Richland, WA_Seattle, WA",3269
ROUTE,"Pensacola, FL_Philadelphia, PA",3270
ROUTE,"Pensacola, FL_St. Louis, MO",3271
ROUTE,"Pensacola, FL_Washington, DC",3272
ROUTE,"Peoria, IL_Phoenix, AZ",3273
ROUTE,"Peoria, IL_Punta Gorda, FL",3274
ROUTE,"Peoria, IL_Rapid City, SD",3275
ROUTE,"Peoria, IL_Sanford, FL",3276
ROUTE,"Peoria, IL_Sarasota/Bradenton, FL",3277
ROUTE,"Peoria, IL_St. Petersburg, FL",3278
ROUTE,"Peoria, IL_Valparaiso, FL",3279
ROUTE,"Petersburg, AK_Wrangell, AK",3280
ROUTE,"Philadelphia, PA_Phoenix, AZ",3281
ROUTE,"Philadelphia, PA_Pittsburgh, PA",3282
ROUTE,"Philadelphia, PA_Portland, ME",3283
ROUTE,"Philadelphia, PA_Portland, OR",3284
ROUTE,"Philadelphia, PA_Providence, RI",3285
ROUTE,"Philadelphia, PA_Raleigh/Durham, NC",3286
ROUTE,"Philadelphia, PA_Richmond, VA",3287
ROUTE,"Philadelphia, PA_Rochester, NY",3288
ROUTE,"Philadelphia, PA_Salt Lake City, UT",3289
ROUTE,"Philadelphia, PA_San Antonio, TX",3290
ROUTE,"Philadelphia, PA_San Diego, CA",3291
ROUTE,"Philadelphia, PA_San Francisco, CA",3292
ROUTE,"Philadelphia, PA_San Juan, PR",3293
ROUTE,"Philadelphia, PA_Sarasota/Bradenton, FL",3294
ROUTE,"Philadelphia, PA_Savannah, GA",3295
ROUTE,"Philadelphia, PA_Seattle, WA",3296
ROUTE,"Philadelphia, PA_St. Louis, MO",3297
ROUTE,"Philadelphia, PA_State College, PA",3298
ROUTE,"Philadelphia, PA_Syracuse, NY",3299
ROUTE,"Philadelphia, PA_Tampa, FL",3300
ROUTE,"Philadelphia, PA_Traverse City, MI",3301
ROUTE,"Philadelphia, PA_Valparaiso, FL",3302
ROUTE,"Philadelphia, PA_Washington, DC",3303
ROUTE,"Philadelphia, PA_Watertown, NY",3304
ROUTE,"Philadelphia, PA_West Palm Beach/Palm Beach, FL",3305
ROUTE,"Philadelphia, PA_Wilmington, NC",3306
ROUTE,"Phoenix, AZ_Pittsburgh, PA",3307
ROUTE,"Phoenix, AZ_Portland, OR",3308
ROUTE,"Phoenix, AZ_Provo, UT",3309
ROUTE,"Phoenix, AZ_Raleigh/Durham, NC",3310
ROUTE,"Phoenix, AZ_Rapid City, SD",3311
ROUTE,"Phoenix, AZ_Reno, NV",3312
ROUTE,"Phoenix, AZ_Rockford, IL",3313
ROUTE,"Phoenix, AZ_Roswell, NM",3314
ROUTE,"Phoenix, AZ_Sacramento, CA",3315
ROUTE,"Phoenix, AZ_Salt Lake City, UT",3316
ROUTE,"Phoenix, AZ_San Antonio, TX",3317
ROUTE,"Phoenix, AZ_San Diego, CA",3318
ROUTE,"Phoenix, AZ_San Francisco, CA",3319
ROUTE,"Phoenix, AZ_San Jose, CA",3320
ROUTE,"Phoenix, AZ_San Luis Obispo, CA",3321
ROUTE,"Phoenix, AZ_Santa Ana, CA",3322
ROUTE,"Phoenix, AZ_Santa Barbara, CA",3323
ROUTE,"Phoenix, AZ_Santa Fe, NM",3324
ROUTE,"Phoenix, AZ_Santa Maria, CA",3325
ROUTE,"Phoenix, AZ_Santa Rosa, CA",3326
ROUTE,"Phoenix, AZ_Seattle, WA",3327
ROUTE,"Phoenix, AZ_Sioux Falls, SD",3328
ROUTE,"Phoenix, AZ_South Bend, IN",3329
ROUTE,"Phoenix, AZ_Spokane, WA",3330
ROUTE,"Phoenix, AZ_Springfield, IL",3331
ROUTE,"Phoenix, AZ_Springfield, MO",3332
ROUTE,"Phoenix, AZ_St. Cloud, MN",3333
ROUTE,"Phoenix, AZ_St. George, UT",3334
ROUTE,"Phoenix, AZ_St. Louis, MO",3335
ROUTE,"Phoenix, AZ_St. Petersburg, FL",3336
ROUTE,"Phoenix, AZ_Stockton, CA",3337
ROUTE,"Phoenix, AZ_Tampa, FL",3338
ROUTE,"Phoenix, AZ_Toledo, OH",3339
ROUTE,"Phoenix, AZ_Traverse City, MI",3340
ROUTE,"Phoenix, AZ_Tucson, AZ",3341
ROUTE,"Phoenix, AZ_Tulsa, OK",3342
ROUTE,"Phoenix, AZ_Washington, DC",3343
ROUTE,"Phoenix, AZ_Wichita, KS",3344
ROUTE,"Phoenix, AZ_Yuma, AZ",3345
ROUTE,"Pierre, SD_Rapid City, SD",3346
ROUTE,"Pierre, SD_Scottsbluff, NE",3347
ROUTE,"Pierre, SD_Watertown, SD",3348
ROUTE,"Pittsburgh, PA_Punta Gorda, FL",3349
ROUTE,"Pittsburgh, PA_Raleigh/Durham, NC",3350
ROUTE,"Pittsburgh, PA_Salt Lake City, UT",3351
ROUTE,"Pittsburgh, PA_San Francisco, CA",3352
ROUTE,"Pittsburgh, PA_Sanford, FL",3353
ROUTE,"Pittsburgh, PA_Sarasota/Bradenton, FL",3354
ROUTE,"Pittsburgh, PA_Savannah, GA",3355
ROUTE,"Pittsburgh, PA_Seattle, WA",3356
ROUTE,"Pittsburgh, PA_St. Louis, MO",3357
ROUTE,"Pittsburgh, PA_St. Petersburg, FL",3358
ROUTE,"Pittsburgh, PA_Tampa, FL",3359
ROUTE,"Pittsburgh, PA_Valparaiso, FL",3360
ROUTE,"Pittsburgh, PA_Washington, DC",3361
ROUTE,"Pittsburgh, PA_West Palm Beach/Palm Beach, FL",3362
ROUTE,"Plattsburgh, NY_Punta Gorda, FL",3363
ROUTE,"Plattsburgh, NY_Sanford, FL",3364
ROUTE,"Plattsburgh, NY_St. Petersburg, FL",3365
ROUTE,"Plattsburgh, NY_Washington, DC",3366
ROUTE,"Pocatello, ID_Salt Lake City, UT",3367
ROUTE,"Portland, ME_Raleigh/Durham, NC",3368
ROUTE,"Portland, ME_Tampa, FL",3369
ROUTE,"Portland, ME_Washington, DC",3370
ROUTE,"Portland, OR_Provo, UT",3371
ROUTE,"Portland, OR_Reno, NV",3372
ROUTE,"Portland, OR_Sacramento, CA",3373
ROUTE,"Portland, OR_Salt Lake City, UT",3374
ROUTE,"Portland, OR_San Diego, CA",3375
ROUTE,"Portland, OR_San Francisco, CA",3376
ROUTE,"Portland, OR_San Jose, CA",3377
ROUTE,"Portland, OR_San Luis Obispo, CA",3378
ROUTE,"Portland, OR_Santa Ana, CA",3379
ROUTE,"Portland, OR_Santa Barbara, CA",3380
ROUTE,"Portland, OR_Santa Maria, CA",3381
ROUTE,"Portland, OR_Santa Rosa, CA",3382
ROUTE,"Portland, OR_Seattle, WA",3383
ROUTE,"Portland, OR_Spokane, WA",3384
ROUTE,"Portland, OR_St. Louis, MO",3385
ROUTE,"Portland, OR_Tampa, FL",3386
ROUTE,"Portland, OR_Tucson, AZ",3387
ROUTE,"Portland, OR_Washington, DC",3388
ROUTE,"Portsmouth, NH_Punta Gorda, FL",3389
ROUTE,"Portsmouth, NH_Sanford, FL",3390
ROUTE,"Portsmouth, NH_Savannah, GA",3391
ROUTE,"Portsmouth, NH_St. Petersburg, FL",3392
ROUTE,"Providence, RI_Punta Gorda, FL",3393
ROUTE,"Providence, RI_Raleigh/Durham, NC",3394
ROUTE,"Providence, RI_Savannah, GA",3395
ROUTE,"Providence, RI_St. Louis, MO",3396
ROUTE,"Providence, RI_Tampa, FL",3397
ROUTE,"Providence, RI_Washington, DC",3398
ROUTE,"Providence, RI_West Palm Beach/Palm Beach, FL",3399
ROUTE,"Provo, UT_San Diego, CA",3400
ROUTE,"Provo, UT_Sanford, FL",3401
ROUTE,"Provo, UT_Santa Ana, CA",3402
ROUTE,"Provo, UT_St. Petersburg, FL",3403
ROUTE,"Provo, UT_Tucson, AZ",3404
ROUTE,"Pullman, WA_Seattle, WA",3405
ROUTE,"Punta Gorda, FL_Raleigh/Durham, NC",3406
ROUTE,"Punta Gorda, FL_Rapid City, SD",3407
ROUTE,"Punta Gorda, FL_Richmond, VA",3408
ROUTE,"Punta Gorda, FL_Rochester, NY",3409
ROUTE,"Punta Gorda, FL_Rockford, IL",3410
ROUTE,"Punta Gorda, FL_Sioux Falls, SD",3411
ROUTE,"Punta Gorda, FL_South Bend, IN",3412
ROUTE,"Punta Gorda, FL_Springfield, IL",3413
ROUTE,"Punta Gorda, FL_Springfield, MO",3414
ROUTE,"Punta Gorda, FL_St. Cloud, MN",3415
ROUTE,"Punta Gorda, FL_Syracuse, NY",3416
ROUTE,"Punta Gorda, FL_Toledo, OH",3417
ROUTE,"Punta Gorda, FL_Traverse City, MI",3418
ROUTE,"Raleigh/Durham, NC_Salt Lake City, UT",3419
ROUTE,"Raleigh/Durham, NC_San Diego, CA",3420
ROUTE,"Raleigh/Durham, NC_San Francisco, CA",3421
ROUTE,"Raleigh/Durham, NC_San Jose, CA",3422
ROUTE,"Raleigh/Durham, NC_San Juan, PR",3423
ROUTE,"Raleigh/Durham, NC_Sanford, FL",3424
ROUTE,"Raleigh/Durham, NC_Seattle, WA",3425
ROUTE,"Raleigh/Durham, NC_South Bend, IN",3426
ROUTE,"Raleigh/Durham, NC_St. Louis, MO",3427
ROUTE,"Raleigh/Durham, NC_St. Petersburg, FL",3428
ROUTE,"Raleigh/Durham, NC_Syracuse, NY",3429
ROUTE,"Raleigh/Durham, NC_Tampa, FL",3430
ROUTE,"Raleigh/Durham, NC_Trenton, NJ",3431
ROUTE,"Raleigh/Durham, NC_Valparaiso, FL",3432
ROUTE,"Raleigh/Durham, NC_Washington, DC",3433
ROUTE,"Raleigh/Durham, NC_West Palm Beach/Palm Beach, FL",3434
ROUTE,"Rapid City, SD_Salt Lake City, UT",3435
ROUTE,"Rapid City, SD_San Francisco, CA",3436
ROUTE,"Redding, CA_San Francisco, CA",3437
ROUTE,"Redding, CA_Seattle, WA",3438
ROUTE,"Reno, NV_Salt Lake City, UT",3439
ROUTE,"Reno, NV_San Diego, CA",3440
ROUTE,"Reno, NV_San Francisco, CA",3441
ROUTE,"Reno, NV_San Jose, CA",3442
ROUTE,"Reno, NV_Santa Ana, CA",3443
ROUTE,"Reno, NV_Seattle, WA",3444
ROUTE,"Richmond, VA_Sanford, FL",3445
ROUTE,"Richmond, VA_Sarasota/Bradenton, FL",3446
ROUTE,"Richmond, VA_St. Petersburg, FL",3447
ROUTE,"Richmond, VA_Tampa, FL",3448
ROUTE,"Richmond, VA_Washington, DC",3449
ROUTE,"Riverton/Lander, WY_Rock Springs, WY",3450
ROUTE,"Riverton/Lander, WY_Sheridan, WY",3451
ROUTE,"Roanoke, VA_Sanford, FL",3452
ROUTE,"Roanoke, VA_St. Petersburg, FL",3453
ROUTE,"Roanoke, VA_Washington, DC",3454
ROUTE,"Rochester, NY_Sanford, FL",3455
ROUTE,"Rochester, NY_Tampa, FL",3456
ROUTE,"Rochester, NY_Washington, DC",3457
ROUTE,"Rockford, IL_Sanford, FL",3458
ROUTE,"Rockford, IL_Sarasota/Bradenton, FL",3459
ROUTE,"Rockford, IL_St. Petersburg, FL",3460
ROUTE,"Rockford, IL_Valparaiso, FL",3461
ROUTE,"Sacramento, CA_Salt Lake City, UT",3462
ROUTE,"Sacramento, CA_San Diego, CA",3463
ROUTE,"Sacramento, CA_San Francisco, CA",3464
ROUTE,"Sacramento, CA_Santa Ana, CA",3465
ROUTE,"Sacramento, CA_Santa Barbara, CA",3466
ROUTE,"Sacramento, CA_Seattle, WA",3467
ROUTE,"Sacramento, CA_Spokane, WA",3468
ROUTE,"Sacramento, CA_St. Louis, MO",3469
ROUTE,"Sacramento, CA_Washington, DC",3470
ROUTE,"Salt Lake City, UT_San Antonio, TX",3471
ROUTE,"Salt Lake City, UT_San Diego, CA",3472
ROUTE,"Salt Lake City, UT_San Francisco, CA",3473
ROUTE,"Salt Lake City, UT_San Jose, CA",3474
ROUTE,"Salt Lake City, UT_Santa Ana, CA",3475
ROUTE,"Salt Lake City, UT_Santa Barbara, CA",3476
ROUTE,"Salt Lake City, UT_Seattle, WA",3477
ROUTE,"Salt Lake City, UT_Spokane, WA",3478
ROUTE,"Salt Lake City, UT_St. George, UT",3479
ROUTE,"Salt Lake City, UT_St. Louis, MO",3480
ROUTE,"Salt Lake City, UT_Sun Valley/Hailey/Ketchum, ID",3481
ROUTE,"Salt Lake City, UT_Tampa, FL",3482
ROUTE,"Salt Lake City, UT_Tucson, AZ",3483
ROUTE,"Salt Lake City, UT_Tulsa, OK",3484
ROUTE,"Salt Lake City, UT_Twin Falls, ID",3485
ROUTE,"Salt Lake City, UT_Washington, DC",3486
ROUTE,"Salt Lake City, UT_West Yellowstone, MT",3487
ROUTE,"San Antonio, TX_San Diego, CA",3488
ROUTE,"San Antonio, TX_San Francisco, CA",3489
ROUTE,"San Antonio, TX_Sanford, FL",3490
ROUTE,"San Antonio, TX_Santa Ana, CA",3491
ROUTE,"San Antonio, TX_Seattle, WA",3492
ROUTE,"San Antonio, TX_St. Louis, MO",3493
ROUTE,"San Antonio, TX_Tampa, FL",3494
ROUTE,"San Antonio, TX_Washington, DC",3495
ROUTE,"San Diego, CA_San Francisco, CA",3496
ROUTE,"San Diego, CA_San Jose, CA",3497
ROUTE,"San Diego, CA_San Luis Obispo, CA",3498
ROUTE,"San Diego, CA_Santa Barbara, CA",3499
ROUTE,"San Diego, CA_Santa Rosa, CA",3500
ROUTE,"San Diego, CA_Seattle, WA",3501
ROUTE,"San Diego, CA_Sioux Falls, SD",3502
ROUTE,"San Diego, CA_Spokane, WA",3503
ROUTE,"San Diego, CA_St. Louis, MO",3504
ROUTE,"San Diego, CA_Stockton, CA",3505
ROUTE,"San Diego, CA_Tampa, FL",3506
ROUTE,"San Diego, CA_Tucson, AZ",3507
ROUTE,"San Diego, CA_Washington, DC",3508
ROUTE,"San Francisco, CA_San Luis Obispo, CA",3509
ROUTE,"San Francisco, CA_Santa Ana, CA",3510
ROUTE,"San Francisco, CA_Santa Barbara, CA",3511
ROUTE,"San Francisco, CA_Santa Rosa, CA",3512
ROUTE,"San Francisco, CA_Seattle, WA",3513
ROUTE,"San Francisco, CA_South Bend, IN",3514
ROUTE,"San Francisco, CA_Spokane, WA",3515
ROUTE,"San Francisco, CA_St. Louis, MO",3516
ROUTE,"San Francisco, CA_Sun Valley/Hailey/Ketchum, ID",3517
ROUTE,"San Francisco, CA_Tampa, FL",3518
ROUTE,"San Francisco, CA_Tucson, AZ",3519
ROUTE,"San Francisco, CA_Twin Falls, ID",3520
ROUTE,"San Francisco, CA_Washington, DC",3521
ROUTE,"San Jose, CA_Santa Ana, CA",3522
ROUTE,"San Jose, CA_Seattle, WA",3523
ROUTE,"San Jose, CA_Spokane, WA",3524
ROUTE,"San Jose, CA_St. Louis, MO",3525
ROUTE,"San Jose, CA_Tucson, AZ",3526
ROUTE,"San Juan, PR_Sanford, FL",3527
ROUTE,"San Juan, PR_St. Louis, MO",3528
ROUTE,"San Juan, PR_Tampa, FL",3529
ROUTE,"San Juan, PR_Washington, DC",3530
ROUTE,"San Luis Obispo, CA_Santa Barbara, CA",3531
ROUTE,"San Luis Obispo, CA_Seattle, WA",3532
ROUTE,"Sanford, FL_Shreveport, LA",3533
ROUTE,"Sanford, FL_Sioux Falls, SD",3534
ROUTE,"Sanford, FL_South Bend, IN",3535
ROUTE,"Sanford, FL_Springfield, MO",3536
ROUTE,"Sanford, FL_State College, PA",3537
ROUTE,"Sanford, FL_Syracuse, NY",3538
ROUTE,"Sanford, FL_Toledo, OH",3539
ROUTE,"Sanford, FL_Traverse City, MI",3540
ROUTE,"Sanford, FL_Tulsa, OK",3541
ROUTE,"Sanford, FL_Wichita, KS",3542
ROUTE,"Santa Ana, CA_Santa Rosa, CA",3543
ROUTE,"Santa Ana, CA_Seattle, WA",3544
ROUTE,"Santa Ana, CA_Sioux Falls, SD",3545
ROUTE,"Santa Ana, CA_Spokane, WA",3546
ROUTE,"Santa Ana, CA_St. Louis, MO",3547
ROUTE,"Santa Barbara, CA_Seattle, WA",3548
ROUTE,"Santa Rosa, CA_Seattle, WA",3549
ROUTE,"Sarasota/Bradenton, FL_South Bend, IN",3550
ROUTE,"Sarasota/Bradenton, FL_St. Louis, MO",3551
ROUTE,"Sarasota/Bradenton, FL_Syracuse, NY",3552
ROUTE,"Sarasota/Bradenton, FL_Trenton, NJ",3553
ROUTE,"Sarasota/Bradenton, FL_Tulsa, OK",3554
ROUTE,"Sarasota/Bradenton, FL_Washington, DC",3555
ROUTE,"Savannah, GA_St. Louis, MO",3556
ROUTE,"Savannah, GA_Washington, DC",3557
ROUTE,"Scranton/Wilkes-Barre, PA_Washington, DC",3558
ROUTE,"Seattle, WA_Sitka, AK",3559
ROUTE,"Seattle, WA_Spokane, WA",3560
ROUTE,"Seattle, WA_St. Louis, MO",3561
ROUTE,"Seattle, WA_Sun Valley/Hailey/Ketchum, ID",3562
ROUTE,"Seattle, WA_Tampa, FL",3563
ROUTE,"Seattle, WA_Tucson, AZ",3564
ROUTE,"Seattle, WA_Walla Walla, WA",3565
ROUTE,"Seattle, WA_Washington, DC",3566
ROUTE,"Seattle, WA_Wenatchee, WA",3567
ROUTE,"Seattle, WA_Wichita, KS",3568
ROUTE,"Seattle, WA_Yakima, WA",3569
ROUTE,"Shreveport, LA_Valparaiso, FL",3570
ROUTE,"Sioux Falls, SD_St. Petersburg, FL",3571
ROUTE,"South Bend, IN_St. Petersburg, FL",3572
ROUTE,"South Bend, IN_Washington, DC",3573
ROUTE,"Springfield, MO_St. Petersburg, FL",3574
ROUTE,"Springfield, MO_Valparaiso, FL",3575
ROUTE,"St. Cloud, MN_Valparaiso, FL",3576
ROUTE,"St. Louis, MO_Tampa, FL",3577
ROUTE,"St. Louis, MO_Tulsa, OK",3578
ROUTE,"St. Louis, MO_Valparaiso, FL",3579
ROUTE,"St. Louis, MO_Washington, DC",3580
ROUTE,"St. Louis, MO_West Palm Beach/Palm Beach, FL",3581
ROUTE,"St. Louis, MO_Wichita, KS",3582
ROUTE,"St. Petersburg, FL_State College, PA",3583
ROUTE,"St. Petersburg, FL_Syracuse, NY",3584
ROUTE,"St. Petersburg, FL_Toledo, OH",3585
ROUTE,"St. Petersburg, FL_Traverse City, MI",3586
ROUTE,"St. Petersburg, FL_Tulsa, OK",3587
ROUTE,"St. Petersburg, FL_Wichita, KS",3588
ROUTE,"State College, PA_Washington, DC",3589
ROUTE,"Staunton, VA_Washington, DC",3590
ROUTE,"Syracuse, NY_Tampa, FL",3591
ROUTE,"Syracuse, NY_Washington, DC",3592
ROUTE,"Tallahassee, FL_Washington, DC",3593
ROUTE,"Tampa, FL_Trenton, NJ",3594
ROUTE,"Tampa, FL_Washington, DC",3595
ROUTE,"Tampa, FL_White Plains, NY",3596
ROUTE,"Toledo, OH_Valparaiso, FL",3597
ROUTE,"Traverse City, MI_Washington, DC",3598
ROUTE,"Trenton, NJ_West Palm Beach/Palm Beach, FL",3599
ROUTE,"Tulsa, OK_Valparaiso, FL",3600
ROUTE,"Tulsa, OK_Washington, DC",3601
ROUTE,"Valparaiso, FL_Washington, DC",3602
ROUTE,"Valparaiso, FL_Wichita, KS",3603
ROUTE,"Washington, DC_West Palm Beach/Palm Beach, FL",3604
ROUTE,"Washington, DC_White Plains, NY",3605
ROUTE,"Washington, DC_Wilmington, NC",3606
ROUTE,"West Palm Beach/Palm Beach, FL_White Plains, NY",3607
ORIGIN_CITY,"Aberdeen, SD",0
ORIGIN_CITY,"Abilene, TX",1
ORIGIN_CITY,"Adak Island, AK",2
ORIGIN_CITY,"Aguadilla, PR",3
ORIGIN_CITY,"Akron, OH",4
ORIGIN_CITY,"Alamosa, CO",5
ORIGIN_CITY,"Albany, GA",6
ORIGIN_CITY,"Albany, NY",7
ORIGIN_CITY,"Albuquerque, NM",8
ORIGIN_CITY,"Alexandria, LA",9
ORIGIN_CITY,"Allentown/Bethlehem/Easton, PA",10
ORIGIN_CITY,"Alpena, MI",11
ORIGIN_CITY,"Amarillo, TX",12
ORIGIN_CITY,"Anchorage, AK",13
ORIGIN_CITY,"Appleton, WI",14
ORIGIN_CITY,"Arcata/Eureka, CA",15
ORIGIN_CITY,"Asheville, NC",16
ORIGIN_CITY,"Ashland, WV",17
ORIGIN_CITY,"Aspen, CO",18
ORIGIN_CITY,"Atlanta, GA",19
ORIGIN_CITY,"Atlantic City, NJ",20
ORIGIN_CITY,"Augusta, GA",21
ORIGIN_CITY,"Austin, TX",22
ORIGIN_CITY,"Bakersfield, CA",23
ORIGIN_CITY,"Baltimore, MD",24
ORIGIN_CITY,"Bangor, ME",25
ORIGIN_CITY,"Barrow, AK",26
ORIGIN_CITY,"Baton Rouge, LA",27
ORIGIN_CITY,"Beaumont/Port Arthur, TX",28
ORIGIN_CITY,"Belleville, IL",29
ORIGIN_CITY,"Bellingham, WA",30
ORIGIN_CITY,"Bemidji, MN",31
ORIGIN_CITY,"Bend/Redmond, OR",32
ORIGIN_CITY,"Bethel, AK",33
ORIGIN_CITY,"Billings, MT",34
ORIGIN_CITY,"Binghamton, NY",35
ORIGIN_CITY,"Birmingham, AL",36
ORIGIN_CITY,"Bishop, CA",37
ORIGIN_CITY,"Bismarck/Mandan, ND",38
ORIGIN_CITY,"Bloomington/Normal, IL",39
ORIGIN_CITY,"Boise, ID",40
ORIGIN_CITY,"Boston, MA",41
ORIGIN_CITY,"Bozeman, MT",42
ORIGIN_CITY,"Brainerd, MN",43
ORIGIN_CITY,"Branson, MO",44
ORIGIN_CITY,"Bristol/Johnson City/Kingsport, TN",45
ORIGIN_CITY,"Brownsville, TX",46
ORIGIN_CITY,"Brunswick, GA",47
ORIGIN_CITY,"Buffalo, NY",48
ORIGIN_CITY,"Burbank, CA",49
ORIGIN_CITY,"Burlington, VT",50
ORIGIN_CITY,"Butte, MT",51
ORIGIN_CITY,"CONCORD, NC",52
ORIGIN_CITY,"Cape Girardeau, MO",53
ORIGIN_CITY,"Casper, WY",54
ORIGIN_CITY,"Cedar City, UT",55
ORIGIN_CITY,"Cedar Rapids/Iowa City, IA",56
ORIGIN_CITY,"Champaign/Urbana, IL",57
ORIGIN_CITY,"Charleston, SC",58
ORIGIN_CITY,"Charleston/Dunbar, WV",59
ORIGIN_CITY,"Charlotte Amalie, VI",60
ORIGIN_CITY,"Charlotte, NC",61
ORIGIN_CITY,"Charlottesville, VA",62
ORIGIN_CITY,"Chattanooga, TN",63
ORIGIN_CITY,"Cheyenne, WY",64
ORIGIN_CITY,"Chicago, IL",65
ORIGIN_CITY,"Christiansted, VI",66
ORIGIN_CITY,"Cincinnati, OH",67
ORIGIN_CITY,"Clarksburg/Fairmont, WV",68
ORIGIN_CITY,"Cleveland, OH",69
ORIGIN_CITY,"Cody, WY",70
ORIGIN_CITY,"Cold Bay, AK",71
ORIGIN_CITY,"College Station/Bryan, TX",72
ORIGIN_CITY,"Colorado Springs, CO",73
ORIGIN_CITY,"Columbia, MO",74
ORIGIN_CITY,"Columbia, SC",75
ORIGIN_CITY,"Columbus, GA",76
ORIGIN_CITY,"Columbus, MS",77
ORIGIN_CITY,"Columbus, OH",78
ORIGIN_CITY,"Concord, NC",79
ORIGIN_CITY,"Cordova, AK",80
ORIGIN_CITY,"Corpus Christi, TX",81
ORIGIN_CITY,"Dallas, TX",82
ORIGIN_CITY,"Dallas/Fort Worth, TX",83
ORIGIN_CITY,"Dayton, OH",84
ORIGIN_CITY,"Daytona Beach, FL",85
ORIGIN_CITY,"Deadhorse, AK",86
ORIGIN_CITY,"Decatur, IL",87
ORIGIN_CITY,"Del Rio, TX",88
ORIGIN_CITY,"Denver, CO",89
ORIGIN_CITY,"Des Moines, IA",90
ORIGIN_CITY,"Detroit, MI",91
ORIGIN_CITY,"Devils Lake, ND",92
ORIGIN_CITY,"Dickinson, ND",93
ORIGIN_CITY,"Dillingham, AK",94
ORIGIN_CITY,"Dodge City, KS",95
ORIGIN_CITY,"Dothan, AL",96
ORIGIN_CITY,"Dubuque, IA",97
ORIGIN_CITY,"Duluth, MN",98
ORIGIN_CITY,"Durango, CO",99
ORIGIN_CITY,"Eagle, CO",100
ORIGIN_CITY,"Eau Claire, WI",101
ORIGIN_CITY,"El Paso, TX",102
ORIGIN_CITY,"Elko, NV",103
ORIGIN_CITY,"Elmira/Corning, NY",104
ORIGIN_CITY,"Erie, PA",105
ORIGIN_CITY,"Escanaba, MI",106
ORIGIN_CITY,"Eugene, OR",107
ORIGIN_CITY,"Evansville, IN",108
ORIGIN_CITY,"Everett, WA",109
ORIGIN_CITY,"Fairbanks, AK",110
ORIGIN_CITY,"Fargo, ND",111
ORIGIN_CITY,"Fayetteville, AR",112
ORIGIN_CITY,"Fayetteville, NC",113
ORIGIN_CITY,"Flagstaff, AZ",114
ORIGIN_CITY,"Flint, MI",115
ORIGIN_CITY,"Florence, SC",116
ORIGIN_CITY,"Fort Dodge, IA",117
ORIGIN_CITY,"Fort Lauderdale, FL",118
ORIGIN_CITY,"Fort Leonard Wood, MO",119
ORIGIN_CITY,"Fort Myers, FL",120
ORIGIN_CITY,"Fort Smith, AR",121
ORIGIN_CITY,"Fort Wayne, IN",122
ORIGIN_CITY,"Fresno, CA",123
ORIGIN_CITY,"Gainesville, FL",124
ORIGIN_CITY,"Garden City, KS",125
ORIGIN_CITY,"Gillette, WY",126
ORIGIN_CITY,"Grand Forks, ND",127
ORIGIN_CITY,"Grand Island, NE",128
ORIGIN_CITY,"Grand Junction, CO",129
ORIGIN_CITY,"Grand Rapids, MI",130
ORIGIN_CITY,"Great Falls, MT",131
ORIGIN_CITY,"Green Bay, WI",132
ORIGIN_CITY,"Greensboro/High Point, NC",133
ORIGIN_CITY,"Greenville, NC",134
ORIGIN_CITY,"Greer, SC",135
ORIGIN_CITY,"Guam, TT",136
ORIGIN_CITY,"Gulfport/Biloxi, MS",137
ORIGIN_CITY,"Gunnison, CO",138
ORIGIN_CITY,"Gustavus, AK",139
ORIGIN_CITY,"Hagerstown, MD",140
ORIGIN_CITY,"Hancock/Houghton, MI",141
ORIGIN_CITY,"Harlingen/San Benito, TX",142
ORIGIN_CITY,"Harrisburg, PA",143
ORIGIN_CITY,"Hartford, CT",144
ORIGIN_CITY,"Hattiesburg/Laurel, MS",145
ORIGIN_CITY,"Hayden, CO",146
ORIGIN_CITY,"Hays, KS",147
ORIGIN_CITY,"Helena, MT",148
ORIGIN_CITY,"Hibbing, MN",149
ORIGIN_CITY,"Hilo, HI",150
ORIGIN_CITY,"Hilton Head, SC",151
ORIGIN_CITY,"Hobbs, NM",152
ORIGIN_CITY,"Honolulu, HI",153
ORIGIN_CITY,"Houston, TX",154
ORIGIN_CITY,"Huntsville, AL",155
ORIGIN_CITY,"Hyannis, MA",156
ORIGIN_CITY,"Idaho Falls, ID",157
ORIGIN_CITY,"Indianapolis, IN",158
ORIGIN_CITY,"International Falls, MN",159
ORIGIN_CITY,"Iron Mountain/Kingsfd, MI",160
ORIGIN_CITY,"Islip, NY",161
ORIGIN_CITY,"Ithaca/Cortland, NY",162
ORIGIN_CITY,"Jackson, WY",163
ORIGIN_CITY,"Jackson/Vicksburg, MS",164
ORIGIN_CITY,"Jacksonville, FL",165
ORIGIN_CITY,"Jacksonville/Camp Lejeune, NC",166
ORIGIN_CITY,"Jamestown, ND",167
ORIGIN_CITY,"Johnstown, PA",168
ORIGIN_CITY,"Joplin, MO",169
ORIGIN_CITY,"Juneau, AK",170
ORIGIN_CITY,"Kahului, HI",171
ORIGIN_CITY,"Kalamazoo, MI",172
ORIGIN_CITY,"Kalispell, MT",173
ORIGIN_CITY,"Kansas City, MO",174
ORIGIN_CITY,"Kearney, NE",175
ORIGIN_CITY,"Ketchikan, AK",176
ORIGIN_CITY,"Key West, FL",177
ORIGIN_CITY,"Killeen, TX",178
ORIGIN_CITY,"King Salmon, AK",179
ORIGIN_CITY,"Knoxville, TN",180
ORIGIN_CITY,"Kodiak, AK",181
ORIGIN_CITY,"Kona, HI",182
ORIGIN_CITY,"Kotzebue, AK",183
ORIGIN_CITY,"La Crosse, WI",184
ORIGIN_CITY,"Lafayette, LA",185
ORIGIN_CITY,"Lake Charles, LA",186
ORIGIN_CITY,"Lansing, MI",187
ORIGIN_CITY,"Laramie, WY",188
ORIGIN_CITY,"Laredo, TX",189
ORIGIN_CITY,"Las Vegas, NV",190
ORIGIN_CITY,"Latrobe, PA",191
ORIGIN_CITY,"Lawton/Fort Sill, OK",192
ORIGIN_CITY,"Lewisburg, WV",193
ORIGIN_CITY,"Lewiston, ID",194
ORIGIN_CITY,"Lexington, KY",195
ORIGIN_CITY,"Liberal, KS",196
ORIGIN_CITY,"Lihue, HI",197
ORIGIN_CITY,"Lincoln, NE",198
ORIGIN_CITY,"Little Rock, AR",199
ORIGIN_CITY,"Long Beach, CA",200
ORIGIN_CITY,"Longview, TX",201
ORIGIN_CITY,"Los Angeles, CA",202
ORIGIN_CITY,"Louisville, KY",203
ORIGIN_CITY,"Lubbock, TX",204
ORIGIN_CITY,"Lynchburg, VA",205
ORIGIN_CITY,"Madison, WI",206
ORIGIN_CITY,"Mammoth Lakes, CA",207
ORIGIN_CITY,"Manchester, NH",208
ORIGIN_CITY,"Manhattan/Ft. Riley, KS",209
ORIGIN_CITY,"Marquette, MI",210
ORIGIN_CITY,"Martha's Vineyard, MA",211
ORIGIN_CITY,"Mason City, IA",212
ORIGIN_CITY,"Medford, OR",213
ORIGIN_CITY,"Melbourne, FL",214
ORIGIN_CITY,"Memphis, TN",215
ORIGIN_CITY,"Meridian, MS",216
ORIGIN_CITY,"Miami, FL",217
ORIGIN_CITY,"Midland/Odessa, TX",218
ORIGIN_CITY,"Milwaukee, WI",219
ORIGIN_CITY,"Minneapolis, MN",220
ORIGIN_CITY,"Minot, ND",221
ORIGIN_CITY,"Mission/McAllen/Edinburg, TX",222
ORIGIN_CITY,"Missoula, MT",223
ORIGIN_CITY,"Moab, UT",224
ORIGIN_CITY,"Mobile, AL",225
ORIGIN_CITY,"Moline, IL",226
ORIGIN_CITY,"Monroe, LA",227
ORIGIN_CITY,"Monterey, CA",228
ORIGIN_CITY,"Montgomery, AL",229
ORIGIN_CITY,"Montrose/Delta, CO",230
ORIGIN_CITY,"Mosinee, WI",231
ORIGIN_CITY,"Muskegon, MI",232
ORIGIN_CITY,"Myrtle Beach, SC",233
ORIGIN_CITY,"Nantucket, MA",234
ORIGIN_CITY,"Nashville, TN",235
ORIGIN_CITY,"New Bern/Morehead/Beaufort, NC",236
ORIGIN_CITY,"New Haven, CT",237
ORIGIN_CITY,"New Orleans, LA",238
ORIGIN_CITY,"New York, NY",239
ORIGIN_CITY,"Newark, NJ",240
ORIGIN_CITY,"Newburgh/Poughkeepsie, NY",241
ORIGIN_CITY,"Newport News/Williamsburg, VA",242
ORIGIN_CITY,"Niagara Falls, NY",243
ORIGIN_CITY,"Nome, AK",244
ORIGIN_CITY,"Norfolk, VA",245
ORIGIN_CITY,"North Bend/Coos Bay, OR",246
ORIGIN_CITY,"North Platte, NE",247
ORIGIN_CITY,"Oakland, CA",248
ORIGIN_CITY,"Ogden, UT",249
ORIGIN_CITY,"Ogdensburg, NY",250
ORIGIN_CITY,"Oklahoma City, OK",251
ORIGIN_CITY,"Omaha, NE",252
ORIGIN_CITY,"Ontario, CA",253
ORIGIN_CITY,"Orlando, FL",254
ORIGIN_CITY,"Owensboro, KY",255
ORIGIN_CITY,"Paducah, KY",256
ORIGIN_CITY,"Pago Pago, TT",257
ORIGIN_CITY,"Palm Springs, CA",258
ORIGIN_CITY,"Panama City, FL",259
ORIGIN_CITY,"Pasco/Kennewick/Richland, WA",260
ORIGIN_CITY,"Pellston, MI",261
ORIGIN_CITY,"Pensacola, FL",262
ORIGIN_CITY,"Peoria, IL",263
ORIGIN_CITY,"Petersburg, AK",264
ORIGIN_CITY,"Philadelphia, PA",265
ORIGIN_CITY,"Phoenix, AZ",266
ORIGIN_CITY,"Pierre, SD",267
ORIGIN_CITY,"Pittsburgh, PA",268
ORIGIN_CITY,"Plattsburgh, NY",269
ORIGIN_CITY,"Pocatello, ID",270
ORIGIN_CITY,"Ponce, PR",271
ORIGIN_CITY,"Portland, ME",272
ORIGIN_CITY,"Portland, OR",273
ORIGIN_CITY,"Portsmouth, NH",274
ORIGIN_CITY,"Prescott, AZ",275
ORIGIN_CITY,"Providence, RI",276
ORIGIN_CITY,"Provo, UT",277
ORIGIN_CITY,"Pueblo, CO",278
ORIGIN_CITY,"Pullman, WA",279
ORIGIN_CITY,"Punta Gorda, FL",280
ORIGIN_CITY,"Quincy, IL",281
ORIGIN_CITY,"Raleigh/Durham, NC",282
ORIGIN_CITY,"Rapid City, SD",283
ORIGIN_CITY,"Redding, CA",284
ORIGIN_CITY,"Reno, NV",285
ORIGIN_CITY,"Rhinelander, WI",286
ORIGIN_CITY,"Richmond, VA",287
ORIGIN_CITY,"Riverton/Lander, WY",288
ORIGIN_CITY,"Roanoke, VA",289
ORIGIN_CITY,"Rochester, MN",290
ORIGIN_CITY,"Rochester, NY",291
ORIGIN_CITY,"Rock Springs, WY",292
ORIGIN_CITY,"Rockford, IL",293
ORIGIN_CITY,"Roswell, NM",294
ORIGIN_CITY,"Sacramento, CA",295
ORIGIN_CITY,"Saginaw/Bay City/Midland, MI",296
ORIGIN_CITY,"Saipan, TT",297
ORIGIN_CITY,"Salina, KS",298
ORIGIN_CITY,"Salt Lake City, UT",299
ORIGIN_CITY,"San Angelo, TX",300
ORIGIN_CITY,"San Antonio, TX",301
ORIGIN_CITY,"San Diego, CA",302
ORIGIN_CITY,"San Francisco, CA",303
ORIGIN_CITY,"San Jose, CA",304
ORIGIN_CITY,"San Juan, PR",305
ORIGIN_CITY,"San Luis Obispo, CA",306
ORIGIN_CITY,"Sanford, FL",307
ORIGIN_CITY,"Santa Ana, CA",308
ORIGIN_CITY,"Santa Barbara, CA",309
ORIGIN_CITY,"Santa Fe, NM",310
ORIGIN_CITY,"Santa Maria, CA",311
ORIGIN_CITY,"Santa Rosa, CA",312
ORIGIN_CITY,"Sarasota/Bradenton, FL",313
ORIGIN_CITY,"Sault Ste. Marie, MI",314
ORIGIN_CITY,"Savannah, GA",315
ORIGIN_CITY,"Scottsbluff, NE",316
ORIGIN_CITY,"Scranton/Wilkes-Barre, PA",317
ORIGIN_CITY,"Seattle, WA",318
ORIGIN_CITY,"Sheridan, WY",319
ORIGIN_CITY,"Shreveport, LA",320
ORIGIN_CITY,"Sioux City, IA",321
ORIGIN_CITY,"Sioux Falls, SD",322
ORIGIN_CITY,"Sitka, AK",323
ORIGIN_CITY,"South Bend, IN",324
ORIGIN_CITY,"Spokane, WA",325
ORIGIN_CITY,"Springfield, IL",326
ORIGIN_CITY,"Springfield, MO",327
ORIGIN_CITY,"St. Cloud, MN",328
ORIGIN_CITY,"St. George, UT",329
ORIGIN_CITY,"St. Louis, MO",330
ORIGIN_CITY,"St. Petersburg, FL",331
ORIGIN_CITY,"State College, PA",332
ORIGIN_CITY,"Staunton, VA",333
ORIGIN_CITY,"Stillwater, OK",334
ORIGIN_CITY,"Stockton, CA",335
ORIGIN_CITY,"Sun Valley/Hailey/Ketchum, ID",336
ORIGIN_CITY,"Syracuse, NY",337
ORIGIN_CITY,"Tallahassee, FL",338
ORIGIN_CITY,"Tampa, FL",339
ORIGIN_CITY,"Texarkana, AR",340
ORIGIN_CITY,"Toledo, OH",341
ORIGIN_CITY,"Traverse City, MI",342
ORIGIN_CITY,"Trenton, NJ",343
ORIGIN_CITY,"Tucson, AZ",344
ORIGIN_CITY,"Tulsa, OK",345
ORIGIN_CITY,"Twin Falls, ID",346
ORIGIN_CITY,"Tyler, TX",347
ORIGIN_CITY,"Valdosta, GA",348
ORIGIN_CITY,"Valparaiso, FL",349
ORIGIN_CITY,"Vernal, UT",350
ORIGIN_CITY,"Victoria, TX",351
ORIGIN_CITY,"Waco, TX",352
ORIGIN_CITY,"Walla Walla, WA",353
ORIGIN_CITY,"Washington, DC",354
ORIGIN_CITY,"Waterloo, IA",355
ORIGIN_CITY,"Watertown, NY",356
ORIGIN_CITY,"Watertown, SD",357
ORIGIN_CITY,"Wenatchee, WA",358
ORIGIN_CITY,"West Palm Beach/Palm Beach, FL",359
ORIGIN_CITY,"West Yellowstone, MT",360
ORIGIN_CITY,"White Plains, NY",361
ORIGIN_CITY,"Wichita Falls, TX",362
ORIGIN_CITY,"Wichita, KS",363
ORIGIN_CITY,"Williamsport, PA",364
ORIGIN_CITY,"Williston, ND",365
ORIGIN_CITY,"Wilmington, DE",366
ORIGIN_CITY,"Wilmington, NC",367
ORIGIN_CITY,"Worcester, MA",368
ORIGIN_CITY,"Wrangell, AK",369
ORIGIN_CITY,"Yakima, WA",370
ORIGIN_CITY,"Yakutat, AK",371
ORIGIN_CITY,"Yuma, AZ",372
DEST_CITY,"Aberdeen, SD",0
DEST_CITY,"Abilene, TX",1
DEST_CITY,"Adak Island, AK",2
DEST_CITY,"Aguadilla, PR",3
DEST_CITY,"Akron, OH",4
DEST_CITY,"Alamosa, CO",5
DEST_CITY,"Albany, GA",6
DEST_CITY,"Albany, NY",7
DEST_CITY,"Albuquerque, NM",8
DEST_CITY,"Alexandria, LA",9
DEST_CITY,"Allentown/Bethlehem/Easton, PA",10
DEST_CITY,"Alpena, MI",11
DEST_CITY,"Amarillo, TX",12
DEST_CITY,"Anchorage, AK",13
DEST_CITY,"Appleton, WI",14
DEST_CITY,"Arcata/Eureka, CA",15
DEST_CITY,"Asheville, NC",16
DEST_CITY,"Ashland, WV",17
DEST_CITY,"Aspen, CO",18
DEST_CITY,"Atlanta, GA",19
DEST_CITY,"Atlantic City, NJ",20
DEST_CITY,"Augusta, GA",21
DEST_CITY,"Austin, TX",22
DEST_CITY,"Bakersfield, CA",23
DEST_CITY,"Baltimore, MD",24
DEST_CITY,"Bangor, ME",25
DEST_CITY,"Barrow, AK",26
DEST_CITY,"Baton Rouge, LA",27
DEST_CITY,"Beaumont/Port Arthur, TX",28
DEST_CITY,"Belleville, IL",29
DEST_CITY,"Bellingham, WA",30
DEST_CITY,"Bemidji, MN",31
DEST_CITY,"Bend/Redmond, OR",32
DEST_CITY,"Bethel, AK",33
DEST_CITY,"Billings, MT",34
DEST_CITY,"Binghamton, NY",35
DEST_CITY,"Birmingham, AL",36
DEST_CITY,"Bishop, CA",37
DEST_CITY,"Bismarck/Mandan, ND",38
DEST_CITY,"Bloomington/Normal, IL",39
DEST_CITY,"Boise, ID",40
DEST_CITY,"Boston, MA",41
DEST_CITY,"Bozeman, MT",42
DEST_CITY,"Brainerd, MN",43
DEST_CITY,"Branson, MO",44
DEST_CITY,"Bristol/Johnson City/Kingsport, TN",45
DEST_CITY,"Brownsville, TX",46
DEST_CITY,"Brunswick, GA",47
DEST_CITY,"Buffalo, NY",48
DEST_CITY,"Burbank, CA",49
DEST_CITY,"Burlington, VT",50
DEST_CITY,"Butte, MT",51
DEST_CITY,"CONCORD, NC",52
DEST_CITY,"Cape Girardeau, MO",53
DEST_CITY,"Casper, WY",54
DEST_CITY,"Cedar City, UT",55
DEST_CITY,"Cedar Rapids/Iowa City, IA",56
DEST_CITY,"Champaign/Urbana, IL",57
DEST_CITY,"Charleston, SC",58
DEST_CITY,"Charleston/Dunbar, WV",59
DEST_CITY,"Charlotte Amalie, VI",60
DEST_CITY,"Charlotte, NC",61
DEST_CITY,"Charlottesville, VA",62
DEST_CITY,"Chattanooga, TN",63
DEST_CITY,"Cheyenne, WY",64
DEST_CITY,"Chicago, IL",65
DEST_CITY,"Christiansted, VI",66
DEST_CITY,"Cincinnati, OH",67
DEST_CITY,"Clarksburg/Fairmont, WV",68
DEST_CITY,"Cleveland, OH",69
DEST_CITY,"Cody, WY",70
DEST_CITY,"Cold Bay, AK",71
DEST_CITY,"College Station/Bryan, TX",72
DEST_CITY,"Colorado Springs, CO",73
DEST_CITY,"Columbia, MO",74
DEST_CITY,"Columbia, SC",75
DEST_CITY,"Columbus, GA",76
DEST_CITY,"Columbus, MS",77
DEST_CITY,"Columbus, OH",78
DEST_CITY,"Concord, NC",79
DEST_CITY,"Cordova, AK",80
DEST_CITY,"Corpus Christi, TX",81
DEST_CITY,"Dallas, TX",82
DEST_CITY,"Dallas/Fort Worth, TX",83
DEST_CITY,"Dayton, OH",84
DEST_CITY,"Daytona Beach, FL",85
DEST_CITY,"Deadhorse, AK",86
DEST_CITY,"Decatur, IL",87
DEST_CITY,"Del Rio, TX",88
DEST_CITY,"Denver, CO",89
DEST_CITY,"Des Moines, IA",90
DEST_CITY,"Detroit, MI",91
DEST_CITY,"Devils Lake, ND",92
DEST_CITY,"Dickinson, ND",93
DEST_CITY,"Dillingham, AK",94
DEST_CITY,"Dodge City, KS",95
DEST_CITY,"Dothan, AL",96
DEST_CITY,"Dubuque, IA",97
DEST_CITY,"Duluth, MN",98
DEST_CITY,"Durango, CO",99
DEST_CITY,"Eagle, CO",100
DEST_CITY,"Eau Claire, WI",101
DEST_CITY,"El Paso, TX",102
DEST_CITY,"Elko, NV",103
DEST_CITY,"Elmira/Corning, NY",104
DEST_CITY,"Erie, PA",105
DEST_CITY,"Escanaba, MI",106
DEST_CITY,"Eugene, OR",107
DEST_CITY,"Evansville, IN",108
DEST_CITY,"Everett, WA",109
DEST_CITY,"Fairbanks, AK",110
DEST_CITY,"Fargo, ND",111
DEST_CITY,"Fayetteville, AR",112
DEST_CITY,"Fayetteville, NC",113
DEST_CITY,"Flagstaff, AZ",114
DEST_CITY,"Flint, MI",115
DEST_CITY,"Florence, SC",116
DEST_CITY,"Fort Dodge, IA",117
DEST_CITY,"Fort Lauderdale, FL",118
DEST_CITY,"Fort Leonard Wood, MO",119
DEST_CITY,"Fort Myers, FL",120
DEST_CITY,"Fort Smith, AR",121
DEST_CITY,"Fort Wayne, IN",122
DEST_CITY,"Fresno, CA",123
DEST_CITY,"Gainesville, FL",124
DEST_CITY,"Garden City, KS",125
DEST_CITY,"Gillette, WY",126
DEST_CITY,"Grand Forks, ND",127
DEST_CITY,"Grand Island, NE",128
DEST_CITY,"Grand Junction, CO",129
DEST_CITY,"Grand Rapids, MI",130
DEST_CITY,"Great Falls, MT",131
DEST_CITY,"Green Bay, WI",132
DEST_CITY,"Greensboro/High Point, NC",133
DEST_CITY,"Greenville, NC",134
DEST_CITY,"Greer, SC",135
DEST_CITY,"Guam, TT",136
DEST_CITY,"Gulfport/Biloxi, MS",137
DEST_CITY,"Gunnison, CO",138
DEST_CITY,"Gustavus, AK",139
DEST_CITY,"Hagerstown, MD",140
DEST_CITY,"Hancock/Houghton, MI",141
DEST_CITY,"Harlingen/San Benito, TX",142
DEST_CITY,"Harrisburg, PA",143
DEST_CITY,"Hartford, CT",144
DEST_CITY,"Hattiesburg/Laurel, MS",145
DEST_CITY,"Hayden, CO",146
DEST_CITY,"Hays, KS",147
DEST_CITY,"Helena, MT",148
DEST_CITY,"Hibbing, MN",149
DEST_CITY,"Hilo, HI",150
DEST_CITY,"Hilton Head, SC",151
DEST_CITY,"Hobbs, NM",152
DEST_CITY,"Honolulu, HI",153
DEST_CITY,"Houston, TX",154
DEST_CITY,"Huntsville, AL",155
DEST_CITY,"Hyannis, MA",156
DEST_CITY,"Idaho Falls, ID",157
DEST_CITY,"Indianapolis, IN",158
DEST_CITY,"International Falls, MN",159
DEST_CITY,"Iron Mountain/Kingsfd, MI",160
DEST_CITY,"Islip, NY",161
DEST_CITY,"Ithaca/Cortland, NY",162
DEST_CITY,"Jackson, WY",163
DEST_CITY,"Jackson/Vicksburg, MS",164
DEST_CITY,"Jacksonville, FL",165
DEST_CITY,"Jacksonville/Camp Lejeune, NC",166
DEST_CITY,"Jamestown, ND",167
DEST_CITY,"Johnstown, PA",168
DEST_CITY,"Joplin, MO",169
DEST_CITY,"Juneau, AK",170
DEST_CITY,"Kahului, HI",171
DEST_CITY,"Kalamazoo, MI",172
DEST_CITY,"Kalispell, MT",173
DEST_CITY,"Kansas City, MO",174
DEST_CITY,"Kearney, NE",175
DEST_CITY,"Ketchikan, AK",176
DEST_CITY,"Key West, FL",177
DEST_CITY,"Killeen, TX",178
DEST_CITY,"King Salmon, AK",179
DEST_CITY,"Knoxville, TN",180
DEST_CITY,"Kodiak, AK",181
DEST_CITY,"Kona, HI",182
DEST_CITY,"Kotzebue, AK",183
DEST_CITY,"La Crosse, WI",184
DEST_CITY,"Lafayette, LA",185
DEST_CITY,"Lake Charles, LA",186
DEST_CITY,"Lansing, MI",187
DEST_CITY,"Laramie, WY",188
DEST_CITY,"Laredo, TX",189
DEST_CITY,"Las Vegas, NV",190
DEST_CITY,"Latrobe, PA",191
DEST_CITY,"Lawton/Fort Sill, OK",192
DEST_CITY,"Lewisburg, WV",193
DEST_CITY,"Lewiston, ID",194
DEST_CITY,"Lexington, KY",195
DEST_CITY,"Liberal, KS",196
DEST_CITY,"Lihue, HI",197
DEST_CITY,"Lincoln, NE",198
DEST_CITY,"Little Rock, AR",199
DEST_CITY,"Long Beach, CA",200
DEST_CITY,"Longview, TX",201
DEST_CITY,"Los Angeles, CA",202
DEST_CITY,"Louisville, KY",203
DEST_CITY,"Lubbock, TX",204
DEST_CITY,"Lynchburg, VA",205
DEST_CITY,"Madison, WI",206
DEST_CITY,"Mammoth Lakes, CA",207
DEST_CITY,"Manchester, NH",208
DEST_CITY,"Manhattan/Ft. Riley, KS",209
DEST_CITY,"Marquette, MI",210
DEST_CITY,"Martha's Vineyard, MA",211
DEST_CITY,"Mason City, IA",212
DEST_CITY,"Medford, OR",213
DEST_CITY,"Melbourne, FL",214
DEST_CITY,"Memphis, TN",215
DEST_CITY,"Meridian, MS",216
DEST_CITY,"Miami, FL",217
DEST_CITY,"Midland/Odessa, TX",218
DEST_CITY,"Milwaukee, WI",219
DEST_CITY,"Minneapolis, MN",220
DEST_CITY,"Minot, ND",221
DEST_CITY,"Mission/McAllen/Edinburg, TX",222
DEST_CITY,"Missoula, MT",223
DEST_CITY,"Moab, UT",224
DEST_CITY,"Mobile, AL",225
DEST_CITY,"Moline, IL",226
DEST_CITY,"Monroe, LA",227
DEST_CITY,"Monterey, CA",228
DEST_CITY,"Montgomery, AL",229
DEST_CITY,"Montrose/Delta, CO",230
DEST_CITY,"Mosinee, WI",231
DEST_CITY,"Muskegon, MI",232
DEST_CITY,"Myrtle Beach, SC",233
DEST_CITY,"Nantucket, MA",234
DEST_CITY,"Nashville, TN",235
DEST_CITY,"New Bern/Morehead/Beaufort, NC",236
DEST_CITY,"New Haven, CT",237
DEST_CITY,"New Orleans, LA",238
DEST_CITY,"New York, NY",239
DEST_CITY,"Newark, NJ",240
DEST_CITY,"Newburgh/Poughkeepsie, NY",241
DEST_CITY,"Newport News/Williamsburg, VA",242
DEST_CITY,"Niagara Falls, NY",243
DEST_CITY,"Nome, AK",244
DEST_CITY,"Norfolk, VA",245
DEST_CITY,"North Bend/Coos Bay, OR",246
DEST_CITY,"North Platte, NE",247
DEST_CITY,"Oakland, CA",248
DEST_CITY,"Ogden, UT",249
DEST_CITY,"Ogdensburg, NY",250
DEST_CITY,"Oklahoma City, OK",251
DEST_CITY,"Omaha, NE",252
DEST_CITY,"Ontario, CA",253
DEST_CITY,"Orlando, FL",254
DEST_CITY,"Owensboro, KY",255
DEST_CITY,"Paducah, KY",256
DEST_CITY,"Pago Pago, TT",257
DEST_CITY,"Palm Springs, CA",258
DEST_CITY,"Panama City, FL",259
DEST_CITY,"Pasco/Kennewick/Richland, WA",260
DEST_CITY,"Pellston, MI",261
DEST_CITY,"Pensacola, FL",262
DEST_CITY,"Peoria, IL",263
DEST_CITY,"Petersburg, AK",264
DEST_CITY,"Philadelphia, PA",265
DEST_CITY,"Phoenix, AZ",266
DEST_CITY,"Pierre, SD",267
DEST_CITY,"Pittsburgh, PA",268
DEST_CITY,"Plattsburgh, NY",269
DEST_CITY,"Pocatello, ID",270
DEST_CITY,"Ponce, PR",271
DEST_CITY,"Portland, ME",272
DEST_CITY,"Portland, OR",273
DEST_CITY,"Portsmouth, NH",274
DEST_CITY,"Prescott, AZ",275
DEST_CITY,"Providence, RI",276
DEST_CITY,"Provo, UT",277
DEST_CITY,"Pueblo, CO",278
DEST_CITY,"Pullman, WA",279
DEST_CITY,"Punta Gorda, FL",280
DEST_CITY,"Quincy, IL",281
DEST_CITY,"Raleigh/Durham, NC",282
DEST_CITY,"Rapid City, SD",283
DEST_CITY,"Redding, CA",284
DEST_CITY,"Reno, NV",285
DEST_CITY,"Rhinelander, WI",286
DEST_CITY,"Richmond, VA",287
DEST_CITY,"Riverton/Lander, WY",288
DEST_CITY,"Roanoke, VA",289
DEST_CITY,"Rochester, MN",290
DEST_CITY,"Rochester, NY",291
DEST_CITY,"Rock Springs, WY",292
DEST_CITY,"Rockford, IL",293
DEST_CITY,"Roswell, NM",294
DEST_CITY,"Sacramento, CA",295
DEST_CITY,"Saginaw/Bay City/Midland, MI",296
DEST_CITY,"Saipan, TT",297
DEST_CITY,"Salina, KS",298
DEST_CITY,"Salt Lake City, UT",299
DEST_CITY,"San Angelo, TX",300
DEST_CITY,"San Antonio, TX",301
DEST_CITY,"San Diego, CA",302
DEST_CITY,"San Francisco, CA",303
DEST_CITY,"San Jose, CA",304
DEST_CITY,"San Juan, PR",305
DEST_CITY,"San Luis Obispo, CA",306
DEST_CITY,"Sanford, FL",307
DEST_CITY,"Santa Ana, CA",308
DEST_CITY,"Santa Barbara, CA",309
DEST_CITY,"Santa Fe, NM",310
DEST_CITY,"Santa Maria, CA",311
DEST_CITY,"Santa Rosa, CA",312
DEST_CITY,"Sarasota/Bradenton, FL",313
DEST_CITY,"Sault Ste. Marie, MI",314
DEST_CITY,"Savannah, GA",315
DEST_CITY,"Scottsbluff, NE",316
DEST_CITY,"Scranton/Wilkes-Barre, PA",317
DEST_CITY,"Seattle, WA",318
DEST_CITY,"Sheridan, WY",319
DEST_CITY,"Shreveport, LA",320
DEST_CITY,"Sioux City, IA",321
DEST_CITY,"Sioux Falls, SD",322
DEST_CITY,"Sitka, AK",323
DEST_CITY,"South Bend, IN",324
DEST_CITY,"Spokane, WA",325
DEST_CITY,"Springfield, IL",326
DEST_CITY,"Springfield, MO",327
DEST_CITY,"St. Cloud, MN",328
DEST_CITY,"St. George, UT",329
DEST_CITY,"St. Louis, MO",330
DEST_CITY,"St. Petersburg, FL",331
DEST_CITY,"State College, PA",332
DEST_CITY,"Staunton, VA",333
DEST_CITY,"Stillwater, OK",334
DEST_CITY,"Stockton, CA",335
DEST_CITY,"Sun Valley/Hailey/Ketchum, ID",336
DEST_CITY,"Syracuse, NY",337
DEST_CITY,"Tallahassee, FL",338
DEST_CITY,"Tampa, FL",339
DEST_CITY,"Texarkana, AR",340
DEST_CITY,"Toledo, OH",341
DEST_CITY,"Traverse City, MI",342
DEST_CITY,"Trenton, NJ",343
DEST_CITY,"Tucson, AZ",344
DEST_CITY,"Tulsa, OK",345
DEST_CITY,"Twin Falls, ID",346
DEST_CITY,"Tyler, TX",347
DEST_CITY,"Valdosta, GA",348
DEST_CITY,"Valparaiso, FL",349
DEST_CITY,"Vernal, UT",350
DEST_CITY,"Victoria, TX",351
DEST_CITY,"Waco, TX",352
DEST_CITY,"Walla Walla, WA",353
DEST_CITY,"Washington, DC",354
DEST_CITY,"Waterloo, IA",355
DEST_CITY,"Watertown, NY",356
DEST_CITY,"Watertown, SD",357
DEST_CITY,"Wenatchee, WA",358
DEST_CITY,"West Palm Beach/Palm Beach, FL",359
DEST_CITY,"West Yellowstone, MT",360
DEST_CITY,"White Plains, NY",361
DEST_CITY,"Wichita Falls, TX",362
DEST_CITY,"Wichita, KS",363
DEST_CITY,"Williamsport, PA",364
DEST_CITY,"Williston, ND",365
DEST_CITY,"Wilmington, DE",366
DEST_CITY,"Wilmington, NC",367
DEST_CITY,"Worcester, MA",368
DEST_CITY,"Wrangell, AK",369
DEST_CITY,"Yakima, WA",370
DEST_CITY,"Yakutat, AK",371
DEST_CITY,"Yuma, AZ",372
